{"name":"jbp12_wnba-championship-regular-season-winning-percentages","title":"WNBA Championship Regular Season Winning Percentages","description":"Regular season win-loss records and winning percentages for teams from every WNBA championship up to 2017","homepage":"https://data.world/jbp12/wnba-championship-regular-season-winning-percentages","license":"Public Domain","resources":[{"name":"regular_season_winning_percentages_of_wnba_championship_losers_1997_2017","schema":{"fields":[{"name":"year","title":"Year","type":"gyear","rdfType":"http://www.w3.org/2001/XMLSchema#gYear"},{"name":"loser","title":"Loser","type":"string","rdfType":"http://www.w3.org/2001/XMLSchema#string"},{"name":"wins","title":"Wins","type":"integer","rdfType":"http://www.w3.org/2001/XMLSchema#integer"},{"name":"losses","title":"Losses","type":"integer","rdfType":"http://www.w3.org/2001/XMLSchema#integer"},{"name":"winratio","title":"WinRatio","type":"number","rdfType":"http://www.w3.org/2001/XMLSchema#decimal"}]},"path":"data/regular_season_winning_percentages_of_wnba_championship_losers_1997_2017.csv","format":"csv"},{"name":"regular_season_winning_percentages_of_wnba_championship_winners_1997_2017","schema":{"fields":[{"name":"year","title":"Year","type":"gyear","rdfType":"http://www.w3.org/2001/XMLSchema#gYear"},{"name":"champion","title":"Champion","type":"string","rdfType":"http://www.w3.org/2001/XMLSchema#string"},{"name":"wins","title":"Wins","type":"integer","rdfType":"http://www.w3.org/2001/XMLSchema#integer"},{"name":"losses","title":"Losses","type":"integer","rdfType":"http://www.w3.org/2001/XMLSchema#integer"},{"name":"winratio","title":"WinRatio","type":"number","rdfType":"http://www.w3.org/2001/XMLSchema#decimal"}]},"path":"data/regular_season_winning_percentages_of_wnba_championship_winners_1997_2017.csv","format":"csv"},{"name":"regular_season_winning_percentages_of_wnba_championship_winners_vs_losers_1997_2017","schema":{"fields":[{"name":"year","title":"Year","type":"gyear","rdfType":"http://www.w3.org/2001/XMLSchema#gYear"},{"name":"champion","title":"Champion","type":"string","rdfType":"http://www.w3.org/2001/XMLSchema#string"},{"name":"winratio","title":"WinRatio","type":"number","rdfType":"http://www.w3.org/2001/XMLSchema#decimal"},{"name":"loser","title":"Loser","type":"string","rdfType":"http://www.w3.org/2001/XMLSchema#string"},{"name":"winratio_2","title":"WinRatio","type":"number","rdfType":"http://www.w3.org/2001/XMLSchema#decimal"}]},"path":"data/regular_season_winning_percentages_of_wnba_championship_winners_vs_losers_1997_2017.csv","format":"csv"},{"name":"original/Regular Season Winning Percentages of WNBA Championship Losers_ 1997-2017.xlsx","path":"original/Regular Season Winning Percentages of WNBA Championship Losers_ 1997-2017.xlsx","format":"xlsx","mediatype":"application/vnd.openxmlformats-officedocument.spreadsheetml.sheet","bytes":4465},{"name":"original/Regular Season Winning Percentages of WNBA Championship Winners vs. Losers_ 1997-2017.xlsx","path":"original/Regular Season Winning Percentages of WNBA Championship Winners vs. Losers_ 1997-2017.xlsx","format":"xlsx","mediatype":"application/vnd.openxmlformats-officedocument.spreadsheetml.sheet","bytes":4467},{"name":"original/Regular Season Winning Percentages of WNBA Championship Winners_ 1997-2017.xlsx","path":"original/Regular Season Winning Percentages of WNBA Championship Winners_ 1997-2017.xlsx","format":"xlsx","mediatype":"application/vnd.openxmlformats-officedocument.spreadsheetml.sheet","bytes":4418}],"keywords":["wnba","basketball","winning percentage","win loss record"]}