{"name":"gmoney_2016-nba-players-by-college","title":"2016 NBA Players by College","description":"Lists NBA players by position and college.\nColumns: \n- Player Name\n- Position\n- College Team\n- 2016 Team\n\nSource: www.espn.com/nba/players\n\nColumns:\n- NBA Player\n- Position\n- College\n- 2016 NBA Team","homepage":"https://data.world/gmoney/2016-nba-players-by-college","resources":[{"name":"2016_nba_players_by_college","schema":{"fields":[{"name":"player","title":"Player","type":"string","rdfType":"http://www.w3.org/2001/XMLSchema#string"},{"name":"position","title":"Position","type":"string","rdfType":"http://www.w3.org/2001/XMLSchema#string"},{"name":"current_team","title":"Current Team","type":"string","rdfType":"http://www.w3.org/2001/XMLSchema#string"},{"name":"college","title":"College","type":"string","rdfType":"http://www.w3.org/2001/XMLSchema#string"}]},"path":"data/2016_nba_players_by_college.csv","format":"csv"},{"name":"original/2016 NBA Players by College.xlsx","path":"original/2016 NBA Players by College.xlsx","format":"xlsx","mediatype":"application/vnd.openxmlformats-officedocument.spreadsheetml.sheet","bytes":33269}],"keywords":["sports","nba","basketball","college basketball","ncaa","entertainment"]}