year,team,record,winning_percentage
2016-17,Celtics,25-15,0.625
2015-16,Celtics,48-34,0.585
2014-15,Celtics,40-42,0.488
2013-14,Celtics,25-57,0.305
2012-13,Celtics,41-40,0.506
2011-12 *,Celtics,39-27,0.591
2010-11-01,Celtics,56-26,0.683
2009-10-01,Celtics,50-32,0.61
2008-09-01,Celtics,62-20,0.756
2007-08-01,Celtics,66-16,0.805
2006-07-01,Celtics,24-58,0.293
2005-06-01,Celtics,33-49,0.402
2004-05-01,Celtics,45-37,0.549
2003-04-01,Celtics,36-46,0.439
2002-03-01,Celtics,44-38,0.537
2001-02-01,Celtics,49-33,0.598
2000-01-01,Celtics,36-46,0.439
1999-00,Celtics,35-47,0.427
1998-99 *,Celtics,19-31,0.38
1997-98,Celtics,36-46,0.439
1996-97,Celtics,15-67,0.183
1995-96,Celtics,33-49,0.402
1994-95,Celtics,35-47,0.427
1993-94,Celtics,32-50,0.39
1992-93,Celtics,48-34,0.585
1991-92,Celtics,51-31,0.622
1990-91,Celtics,56-26,0.683
1989-90,Celtics,52-30,0.634
1988-89,Celtics,42-40,0.512
1987-88,Celtics,57-25,0.695
1986-87,Celtics,59-23,0.72
1985-86,Celtics,67-15,0.817
1984-85,Celtics,63-19,0.768
1983-84,Celtics,62-20,0.756
1982-83,Celtics,56-26,0.683
1981-82,Celtics,63-19,0.768
1980-81,Celtics,62-20,0.756
1979-80,Celtics,61-21,0.744
1978-79,Celtics,29-53,0.354
1977-78,Celtics,32-50,0.39
1976-77,Celtics,44-38,0.537
1975-76,Celtics,54-28,0.659
1974-75,Celtics,60-22,0.732
1973-74,Celtics,56-26,0.683
1972-73,Celtics,68-14,0.829
1971-72,Celtics,56-26,0.683
1970-71,Celtics,44-38,0.537
1969-70,Celtics,34-48,0.415
1968-69,Celtics,48-34,0.585
1967-68,Celtics,54-28,0.659
1966-67,Celtics,60-21,0.741
1965-66,Celtics,54-26,0.675
1964-65,Celtics,62-18,0.775
1963-64,Celtics,59-21,0.738
1962-63,Celtics,58-22,0.725
1961-62,Celtics,60-20,0.75
1960-61,Celtics,57-22,0.722
1959-60,Celtics,59-16,0.787
1958-59,Celtics,52-20,0.722
1957-58,Celtics,49-23,0.681
1956-57,Celtics,44-28,0.611
1955-56,Celtics,39-33,0.542
1954-55,Celtics,36-36,0.5
1953-54,Celtics,42-30,0.583
1952-53,Celtics,46-25,0.648
1951-52,Celtics,39-27,0.591
1950-51,Celtics,39-30,0.565
1949-50,Celtics,22-46,0.324
1948-49,Celtics,25-35,0.417
1947-48,Celtics,20-28,0.417
1946-47,Celtics,22-38,0.367
2016-17,Hawks,23-17,0.575
2015-16,Hawks,48-34,0.585
2014-15,Hawks,60-22,0.732
2013-14,Hawks,38-44,0.463
2012-13,Hawks,44-38,0.537
2011-12 *,Hawks,40-26,0.606
2010-11-01,Hawks,44-38,0.537
2009-10-01,Hawks,53-29,0.646
2008-09-01,Hawks,47-35,0.573
2007-08-01,Hawks,37-45,0.451
2006-07-01,Hawks,30-52,0.366
2005-06-01,Hawks,26-56,0.317
2004-05-01,Hawks,13-69,0.159
2003-04-01,Hawks,28-54,0.341
2002-03-01,Hawks,35-47,0.427
2001-02-01,Hawks,33-49,0.402
2000-01-01,Hawks,25-57,0.305
1999-00,Hawks,28-54,0.341
1998-99 *,Hawks,31-19,0.62
1997-98,Hawks,50-32,0.61
1996-97,Hawks,56-26,0.683
1995-96,Hawks,46-36,0.561
1994-95,Hawks,42-40,0.512
1993-94,Hawks,57-25,0.695
1992-93,Hawks,43-39,0.524
1991-92,Hawks,38-44,0.463
1990-91,Hawks,43-39,0.524
1989-90,Hawks,41-41,0.5
1988-89,Hawks,52-30,0.634
1987-88,Hawks,50-32,0.61
1986-87,Hawks,57-25,0.695
1985-86,Hawks,50-32,0.61
1984-85,Hawks,34-48,0.415
1983-84,Hawks,40-42,0.488
1982-83,Hawks,43-39,0.524
1981-82,Hawks,42-40,0.512
1980-81,Hawks,31-51,0.378
1979-80,Hawks,50-32,0.61
1978-79,Hawks,46-36,0.561
1977-78,Hawks,41-41,0.5
1976-77,Hawks,31-51,0.378
1975-76,Hawks,29-53,0.354
1974-75,Hawks,31-51,0.378
1973-74,Hawks,35-47,0.427
1972-73,Hawks,46-36,0.561
1971-72,Hawks,36-46,0.439
1970-71,Hawks,36-46,0.439
1969-70,Hawks,48-34,0.585
1968-69,Hawks,48-34,0.585
1967-68,Hawks,56-26,0.683
1966-67,Hawks,39-42,0.481
1965-66,Hawks,36-44,0.45
1964-65,Hawks,45-35,0.563
1963-64,Hawks,46-34,0.575
1962-63,Hawks,48-32,0.6
1961-62,Hawks,29-51,0.363
1960-61,Hawks,51-28,0.646
1959-60,Hawks,46-29,0.613
1958-59,Hawks,49-23,0.681
1957-58,Hawks,41-31,0.569
1956-57,Hawks,34-38,0.472
1955-56,Hawks,33-39,0.458
1954-55,Hawks,26-46,0.361
1953-54,Hawks,21-51,0.292
1952-53,Hawks,27-44,0.38
1951-52,Hawks,17-49,0.258
1950-51,Blackhawks,25-43,0.368
1949-50,Blackhawks,29-35,0.453
2016-17,Nets,9-33,0.214
2015-16,Nets,21-61,0.256
2014-15,Nets,38-44,0.463
2013-14,Nets,44-38,0.537
2012-13,Nets,49-33,0.598
2011-12 *,Nets,22-44,0.333
2010-11-01,Nets,24-58,0.293
2009-10-01,Nets,12-70,0.146
2008-09-01,Nets,34-48,0.415
2007-08-01,Nets,34-48,0.415
2006-07-01,Nets,41-41,0.5
2005-06-01,Nets,49-33,0.598
2004-05-01,Nets,42-40,0.512
2003-04-01,Nets,47-35,0.573
2002-03-01,Nets,49-33,0.598
2001-02-01,Nets,52-30,0.634
2000-01-01,Nets,26-56,0.317
1999-00,Nets,31-51,0.378
1998-99 *,Nets,16-34,0.32
1997-98,Nets,43-39,0.524
1996-97,Nets,26-56,0.317
1995-96,Nets,30-52,0.366
1994-95,Nets,30-52,0.366
1993-94,Nets,45-37,0.549
1992-93,Nets,43-39,0.524
1991-92,Nets,40-42,0.488
1990-91,Nets,26-56,0.317
1989-90,Nets,17-65,0.207
1988-89,Nets,26-56,0.317
1987-88,Nets,19-63,0.232
1986-87,Nets,24-58,0.293
1985-86,Nets,39-43,0.476
1984-85,Nets,42-40,0.512
1983-84,Nets,45-37,0.549
1982-83,Nets,49-33,0.598
1981-82,Nets,44-38,0.537
1980-81,Nets,24-58,0.293
1979-80,Nets,34-48,0.415
1978-79,Nets,37-45,0.451
1977-78,Nets,24-58,0.293
1976-77,Nets,22-60,0.268
2016-17,Hornets,22-21,0.512
2015-16,Hornets,48-34,0.585
2014-15,Hornets,33-49,0.402
2013-14,Bobcats,43-39,0.524
2012-13,Bobcats,21-61,0.256
2011-12 *,Bobcats,7-59,0.106
2010-11-01,Bobcats,34-48,0.415
2009-10-01,Bobcats,44-38,0.537
2008-09-01,Bobcats,35-47,0.427
2007-08-01,Bobcats,32-50,0.39
2006-07-01,Bobcats,33-49,0.402
2005-06-01,Bobcats,26-56,0.317
2004-05-01,Bobcats,18-64,0.22
2001-02-01,Hornets,44-38,0.537
2000-01-01,Hornets,46-36,0.561
1999-00,Hornets,49-33,0.598
1998-99 *,Hornets,26-24,0.52
1997-98,Hornets,51-31,0.622
1996-97,Hornets,54-28,0.659
1995-96,Hornets,41-41,0.5
1994-95,Hornets,50-32,0.61
1993-94,Hornets,41-41,0.5
1992-93,Hornets,44-38,0.537
1991-92,Hornets,31-51,0.378
1990-91,Hornets,26-56,0.317
1989-90,Hornets,19-63,0.232
1988-89,Hornets,20-62,0.244
2016-17,Bulls,21-23,0.477
2015-16,Bulls,42-40,0.512
2014-15,Bulls,50-32,0.61
2013-14,Bulls,48-34,0.585
2012-13,Bulls,45-37,0.549
2011-12 *,Bulls,50-16,0.758
2010-11-01,Bulls,62-20,0.756
2009-10-01,Bulls,41-41,0.5
2008-09-01,Bulls,41-41,0.5
2007-08-01,Bulls,33-49,0.402
2006-07-01,Bulls,49-33,0.598
2005-06-01,Bulls,41-41,0.5
2004-05-01,Bulls,47-35,0.573
2003-04-01,Bulls,23-59,0.28
2002-03-01,Bulls,30-52,0.366
2001-02-01,Bulls,21-61,0.256
2000-01-01,Bulls,15-67,0.183
1999-00,Bulls,17-65,0.207
1998-99 *,Bulls,13-37,0.26
1997-98,Bulls,62-20,0.756
1996-97,Bulls,69-13,0.841
1995-96,Bulls,72-10,0.878
1994-95,Bulls,47-35,0.573
1993-94,Bulls,55-27,0.671
1992-93,Bulls,57-25,0.695
1991-92,Bulls,67-15,0.817
1990-91,Bulls,61-21,0.744
1989-90,Bulls,55-27,0.671
1988-89,Bulls,47-35,0.573
1987-88,Bulls,50-32,0.61
1986-87,Bulls,40-42,0.488
1985-86,Bulls,30-52,0.366
1984-85,Bulls,38-44,0.463
1983-84,Bulls,27-55,0.329
1982-83,Bulls,28-54,0.341
1981-82,Bulls,34-48,0.415
1980-81,Bulls,45-37,0.549
1979-80,Bulls,30-52,0.366
1978-79,Bulls,31-51,0.378
1977-78,Bulls,40-42,0.488
1976-77,Bulls,44-38,0.537
1975-76,Bulls,24-58,0.293
1974-75,Bulls,47-35,0.573
1973-74,Bulls,54-28,0.659
1972-73,Bulls,51-31,0.622
1971-72,Bulls,57-25,0.695
1970-71,Bulls,51-31,0.622
1969-70,Bulls,39-43,0.476
1968-69,Bulls,33-49,0.402
1967-68,Bulls,29-53,0.354
1966-67,Bulls,33-48,0.407
2016-17,Cavaliers,30-12,0.714
2015-16,Cavaliers,57-25,0.695
2014-15,Cavaliers,53-29,0.646
2013-14,Cavaliers,33-49,0.402
2012-13,Cavaliers,24-58,0.293
2011-12 *,Cavaliers,21-45,0.318
2010-11-01,Cavaliers,19-63,0.232
2009-10-01,Cavaliers,61-21,0.744
2008-09-01,Cavaliers,66-16,0.805
2007-08-01,Cavaliers,45-37,0.549
2006-07-01,Cavaliers,50-32,0.61
2005-06-01,Cavaliers,50-32,0.61
2004-05-01,Cavaliers,42-40,0.512
2003-04-01,Cavaliers,35-47,0.427
2002-03-01,Cavaliers,17-65,0.207
2001-02-01,Cavaliers,29-53,0.354
2000-01-01,Cavaliers,30-52,0.366
1999-00,Cavaliers,32-50,0.39
1998-99 *,Cavaliers,22-28,0.44
1997-98,Cavaliers,47-35,0.573
1996-97,Cavaliers,42-40,0.512
1995-96,Cavaliers,47-35,0.573
1994-95,Cavaliers,43-39,0.524
1993-94,Cavaliers,47-35,0.573
1992-93,Cavaliers,54-28,0.659
1991-92,Cavaliers,57-25,0.695
1990-91,Cavaliers,33-49,0.402
1989-90,Cavaliers,42-40,0.512
1988-89,Cavaliers,57-25,0.695
1987-88,Cavaliers,42-40,0.512
1986-87,Cavaliers,31-51,0.378
1985-86,Cavaliers,29-53,0.354
1984-85,Cavaliers,36-46,0.439
1983-84,Cavaliers,28-54,0.341
1982-83,Cavaliers,23-59,0.28
1981-82,Cavaliers,15-67,0.183
1980-81,Cavaliers,28-54,0.341
1979-80,Cavaliers,37-45,0.451
1978-79,Cavaliers,30-52,0.366
1977-78,Cavaliers,43-39,0.524
1976-77,Cavaliers,43-39,0.524
1975-76,Cavaliers,49-33,0.598
1974-75,Cavaliers,40-42,0.488
1973-74,Cavaliers,29-53,0.354
1972-73,Cavaliers,32-50,0.39
1971-72,Cavaliers,23-59,0.28
1970-71,Cavaliers,15-67,0.183
2016-17,Mavericks,15-29,0.341
2015-16,Mavericks,42-40,0.512
2014-15,Mavericks,50-32,0.61
2013-14,Mavericks,49-33,0.598
2012-13,Mavericks,41-41,0.5
2011-12 *,Mavericks,36-30,0.545
2010-11-01,Mavericks,57-25,0.695
2009-10-01,Mavericks,55-27,0.671
2008-09-01,Mavericks,50-32,0.61
2007-08-01,Mavericks,51-31,0.622
2006-07-01,Mavericks,67-15,0.817
2005-06-01,Mavericks,60-22,0.732
2004-05-01,Mavericks,58-24,0.707
2003-04-01,Mavericks,52-30,0.634
2002-03-01,Mavericks,60-22,0.732
2001-02-01,Mavericks,57-25,0.695
2000-01-01,Mavericks,53-29,0.646
1999-00,Mavericks,40-42,0.488
1998-99 *,Mavericks,19-31,0.38
1997-98,Mavericks,20-62,0.244
1996-97,Mavericks,24-58,0.293
1995-96,Mavericks,26-56,0.317
1994-95,Mavericks,36-46,0.439
1993-94,Mavericks,13-69,0.159
1992-93,Mavericks,11-71,0.134
1991-92,Mavericks,22-60,0.268
1990-91,Mavericks,28-54,0.341
1989-90,Mavericks,47-35,0.573
1988-89,Mavericks,38-44,0.463
1987-88,Mavericks,53-29,0.646
1986-87,Mavericks,55-27,0.671
1985-86,Mavericks,44-38,0.537
1984-85,Mavericks,44-38,0.537
1983-84,Mavericks,43-39,0.524
1982-83,Mavericks,38-44,0.463
1981-82,Mavericks,28-54,0.341
1980-81,Mavericks,15-67,0.183
2016-17,Nuggets,18-25,0.419
2015-16,Nuggets,33-49,0.402
2014-15,Nuggets,30-52,0.366
2013-14,Nuggets,36-46,0.439
2012-13,Nuggets,57-25,0.695
2011-12 *,Nuggets,38-28,0.576
2010-11-01,Nuggets,50-32,0.61
2009-10-01,Nuggets,53-29,0.646
2008-09-01,Nuggets,54-28,0.659
2007-08-01,Nuggets,50-32,0.61
2006-07-01,Nuggets,45-37,0.549
2005-06-01,Nuggets,44-38,0.537
2004-05-01,Nuggets,49-33,0.598
2003-04-01,Nuggets,43-39,0.524
2002-03-01,Nuggets,17-65,0.207
2001-02-01,Nuggets,27-55,0.329
2000-01-01,Nuggets,40-42,0.488
1999-00,Nuggets,35-47,0.427
1998-99 *,Nuggets,14-36,0.28
1997-98,Nuggets,11-71,0.134
1996-97,Nuggets,21-61,0.256
1995-96,Nuggets,35-47,0.427
1994-95,Nuggets,41-41,0.5
1993-94,Nuggets,42-40,0.512
1992-93,Nuggets,36-46,0.439
1991-92,Nuggets,24-58,0.293
1990-91,Nuggets,20-62,0.244
1989-90,Nuggets,43-39,0.524
1988-89,Nuggets,44-38,0.537
1987-88,Nuggets,54-28,0.659
1986-87,Nuggets,37-45,0.451
1985-86,Nuggets,47-35,0.573
1984-85,Nuggets,52-30,0.634
1983-84,Nuggets,38-44,0.463
1982-83,Nuggets,45-37,0.549
1981-82,Nuggets,46-36,0.561
1980-81,Nuggets,37-45,0.451
1979-80,Nuggets,30-52,0.366
1978-79,Nuggets,47-35,0.573
1977-78,Nuggets,48-34,0.585
1976-77,Nuggets,50-32,0.61
2016-17,Pistons,21-24,0.467
2015-16,Pistons,44-38,0.537
2014-15,Pistons,32-50,0.39
2013-14,Pistons,29-53,0.354
2012-13,Pistons,29-53,0.354
2011-12 *,Pistons,25-41,0.379
2010-11-01,Pistons,30-52,0.366
2009-10-01,Pistons,27-55,0.329
2008-09-01,Pistons,39-43,0.476
2007-08-01,Pistons,59-23,0.72
2006-07-01,Pistons,53-29,0.646
2005-06-01,Pistons,64-18,0.78
2004-05-01,Pistons,54-28,0.659
2003-04-01,Pistons,54-28,0.659
2002-03-01,Pistons,50-32,0.61
2001-02-01,Pistons,50-32,0.61
2000-01-01,Pistons,32-50,0.39
1999-00,Pistons,42-40,0.512
1998-99 *,Pistons,29-21,0.58
1997-98,Pistons,37-45,0.451
1996-97,Pistons,54-28,0.659
1995-96,Pistons,46-36,0.561
1994-95,Pistons,28-54,0.341
1993-94,Pistons,20-62,0.244
1992-93,Pistons,40-42,0.488
1991-92,Pistons,48-34,0.585
1990-91,Pistons,50-32,0.61
1989-90,Pistons,59-23,0.72
1988-89,Pistons,63-19,0.768
1987-88,Pistons,54-28,0.659
1986-87,Pistons,52-30,0.634
1985-86,Pistons,46-36,0.561
1984-85,Pistons,46-36,0.561
1983-84,Pistons,49-33,0.598
1982-83,Pistons,37-45,0.451
1981-82,Pistons,39-43,0.476
1980-81,Pistons,21-61,0.256
1979-80,Pistons,16-66,0.195
1978-79,Pistons,30-52,0.366
1977-78,Pistons,38-44,0.463
1976-77,Pistons,44-38,0.537
1975-76,Pistons,36-46,0.439
1974-75,Pistons,40-42,0.488
1973-74,Pistons,52-30,0.634
1972-73,Pistons,40-42,0.488
1971-72,Pistons,26-56,0.317
1970-71,Pistons,45-37,0.549
1969-70,Pistons,31-51,0.378
1968-69,Pistons,32-50,0.39
1967-68,Pistons,40-42,0.488
1966-67,Pistons,30-51,0.37
1965-66,Pistons,22-58,0.275
1964-65,Pistons,31-49,0.388
1963-64,Pistons,23-57,0.288
1962-63,Pistons,34-46,0.425
1961-62,Pistons,37-43,0.463
1960-61,Pistons,34-45,0.43
1959-60,Pistons,30-45,0.4
1958-59,Pistons,28-44,0.389
1957-58,Pistons,33-39,0.458
1956-57,Pistons,34-38,0.472
1955-56,Pistons,37-35,0.514
1954-55,Pistons,43-29,0.597
1953-54,Pistons,40-32,0.556
1952-53,Pistons,36-33,0.522
1951-52,Pistons,29-37,0.439
1950-51,Pistons,32-36,0.471
1949-50,Pistons,40-28,0.588
1948-49,Pistons,22-38,0.367
2016-17,Warriors,38-6,0.864
2015-16,Warriors,73-9,0.89
2014-15,Warriors,67-15,0.817
2013-14,Warriors,51-31,0.622
2012-13,Warriors,47-35,0.573
2011-12 *,Warriors,23-43,0.348
2010-11-01,Warriors,36-46,0.439
2009-10-01,Warriors,26-56,0.317
2008-09-01,Warriors,29-53,0.354
2007-08-01,Warriors,48-34,0.585
2006-07-01,Warriors,42-40,0.512
2005-06-01,Warriors,34-48,0.415
2004-05-01,Warriors,34-48,0.415
2003-04-01,Warriors,37-45,0.451
2002-03-01,Warriors,38-44,0.463
2001-02-01,Warriors,21-61,0.256
2000-01-01,Warriors,17-65,0.207
1999-00,Warriors,19-63,0.232
1998-99 *,Warriors,21-29,0.42
1997-98,Warriors,19-63,0.232
1996-97,Warriors,30-52,0.366
1995-96,Warriors,36-46,0.439
1994-95,Warriors,26-56,0.317
1993-94,Warriors,50-32,0.61
1992-93,Warriors,34-48,0.415
1991-92,Warriors,55-27,0.671
1990-91,Warriors,44-38,0.537
1989-90,Warriors,37-45,0.451
1988-89,Warriors,43-39,0.524
1987-88,Warriors,20-62,0.244
1986-87,Warriors,42-40,0.512
1985-86,Warriors,30-52,0.366
1984-85,Warriors,22-60,0.268
1983-84,Warriors,37-45,0.451
1982-83,Warriors,30-52,0.366
1981-82,Warriors,45-37,0.549
1980-81,Warriors,39-43,0.476
1979-80,Warriors,24-58,0.293
1978-79,Warriors,38-44,0.463
1977-78,Warriors,43-39,0.524
1976-77,Warriors,46-36,0.561
1975-76,Warriors,59-23,0.72
1974-75,Warriors,48-34,0.585
1973-74,Warriors,44-38,0.537
1972-73,Warriors,47-35,0.573
1971-72,Warriors,51-31,0.622
1970-71,Warriors,41-41,0.5
1969-70,Warriors,30-52,0.366
1968-69,Warriors,41-41,0.5
1967-68,Warriors,43-39,0.524
1966-67,Warriors,44-37,0.543
1965-66,Warriors,35-45,0.438
1964-65,Warriors,17-63,0.213
1963-64,Warriors,48-32,0.6
1962-63,Warriors,31-49,0.388
1961-62,Warriors,49-31,0.613
1960-61,Warriors,46-33,0.582
1959-60,Warriors,49-26,0.653
1958-59,Warriors,32-40,0.444
1957-58,Warriors,37-35,0.514
1956-57,Warriors,37-35,0.514
1955-56,Warriors,45-27,0.625
1954-55,Warriors,33-39,0.458
1953-54,Warriors,29-43,0.403
1952-53,Warriors,12-57,0.174
1951-52,Warriors,33-33,0.5
1950-51,Warriors,40-26,0.606
1949-50,Warriors,26-42,0.382
1948-49,Warriors,28-32,0.467
1947-48,Warriors,27-21,0.563
1946-47,Warriors,35-25,0.583
2016-17,Rockets,34-13,0.723
2015-16,Rockets,41-41,0.5
2014-15,Rockets,56-26,0.683
2013-14,Rockets,54-28,0.659
2012-13,Rockets,45-37,0.549
2011-12 *,Rockets,34-32,0.515
2010-11-01,Rockets,43-39,0.524
2009-10-01,Rockets,42-40,0.512
2008-09-01,Rockets,53-29,0.646
2007-08-01,Rockets,55-27,0.671
2006-07-01,Rockets,52-30,0.634
2005-06-01,Rockets,34-48,0.415
2004-05-01,Rockets,51-31,0.622
2003-04-01,Rockets,45-37,0.549
2002-03-01,Rockets,43-39,0.524
2001-02-01,Rockets,28-54,0.341
2000-01-01,Rockets,45-37,0.549
1999-00,Rockets,34-48,0.415
1998-99 *,Rockets,31-19,0.62
1997-98,Rockets,41-41,0.5
1996-97,Rockets,57-25,0.695
1995-96,Rockets,48-34,0.585
1994-95,Rockets,47-35,0.573
1993-94,Rockets,58-24,0.707
1992-93,Rockets,55-27,0.671
1991-92,Rockets,42-40,0.512
1990-91,Rockets,52-30,0.634
1989-90,Rockets,41-41,0.5
1988-89,Rockets,45-37,0.549
1987-88,Rockets,46-36,0.561
1986-87,Rockets,42-40,0.512
1985-86,Rockets,51-31,0.622
1984-85,Rockets,48-34,0.585
1983-84,Rockets,29-53,0.354
1982-83,Rockets,14-68,0.171
1981-82,Rockets,46-36,0.561
1980-81,Rockets,40-42,0.488
1979-80,Rockets,41-41,0.5
1978-79,Rockets,47-35,0.573
1977-78,Rockets,28-54,0.341
1976-77,Rockets,49-33,0.598
1975-76,Rockets,40-42,0.488
1974-75,Rockets,41-41,0.5
1973-74,Rockets,32-50,0.39
1972-73,Rockets,33-49,0.402
1971-72,Rockets,34-48,0.415
1970-71,Rockets,40-42,0.488
1969-70,Rockets,27-55,0.329
1968-69,Rockets,37-45,0.451
1967-68,Rockets,15-67,0.183
2016-17,Pacers,22-21,0.512
2015-16,Pacers,45-37,0.549
2014-15,Pacers,38-44,0.463
2013-14,Pacers,56-26,0.683
2012-13,Pacers,49-32,0.605
2011-12 *,Pacers,42-24,0.636
2010-11-01,Pacers,37-45,0.451
2009-10-01,Pacers,32-50,0.39
2008-09-01,Pacers,36-46,0.439
2007-08-01,Pacers,36-46,0.439
2006-07-01,Pacers,35-47,0.427
2005-06-01,Pacers,41-41,0.5
2004-05-01,Pacers,44-38,0.537
2003-04-01,Pacers,61-21,0.744
2002-03-01,Pacers,48-34,0.585
2001-02-01,Pacers,42-40,0.512
2000-01-01,Pacers,41-41,0.5
1999-00,Pacers,56-26,0.683
1998-99 *,Pacers,33-17,0.66
1997-98,Pacers,58-24,0.707
1996-97,Pacers,39-43,0.476
1995-96,Pacers,52-30,0.634
1994-95,Pacers,52-30,0.634
1993-94,Pacers,47-35,0.573
1992-93,Pacers,41-41,0.5
1991-92,Pacers,40-42,0.488
1990-91,Pacers,41-41,0.5
1989-90,Pacers,42-40,0.512
1988-89,Pacers,28-54,0.341
1987-88,Pacers,38-44,0.463
1986-87,Pacers,41-41,0.5
1985-86,Pacers,26-56,0.317
1984-85,Pacers,22-60,0.268
1983-84,Pacers,26-56,0.317
1982-83,Pacers,20-62,0.244
1981-82,Pacers,35-47,0.427
1980-81,Pacers,44-38,0.537
1979-80,Pacers,37-45,0.451
1978-79,Pacers,38-44,0.463
1977-78,Pacers,31-51,0.378
1976-77,Pacers,36-46,0.439
2016-17,Clippers,29-16,0.644
2015-16,Clippers,53-29,0.646
2014-15,Clippers,56-26,0.683
2013-14,Clippers,57-25,0.695
2012-13,Clippers,56-26,0.683
2011-12 *,Clippers,40-26,0.606
2010-11-01,Clippers,32-50,0.39
2009-10-01,Clippers,29-53,0.354
2008-09-01,Clippers,19-63,0.232
2007-08-01,Clippers,23-59,0.28
2006-07-01,Clippers,40-42,0.488
2005-06-01,Clippers,47-35,0.573
2004-05-01,Clippers,37-45,0.451
2003-04-01,Clippers,28-54,0.341
2002-03-01,Clippers,27-55,0.329
2001-02-01,Clippers,39-43,0.476
2000-01-01,Clippers,31-51,0.378
1999-00,Clippers,15-67,0.183
1998-99 *,Clippers,9-41,0.18
1997-98,Clippers,17-65,0.207
1996-97,Clippers,36-46,0.439
1995-96,Clippers,29-53,0.354
1994-95,Clippers,17-65,0.207
1993-94,Clippers,27-55,0.329
1992-93,Clippers,41-41,0.5
1991-92,Clippers,45-37,0.549
1990-91,Clippers,31-51,0.378
1989-90,Clippers,30-52,0.366
1988-89,Clippers,21-61,0.256
1987-88,Clippers,17-65,0.207
1986-87,Clippers,12-70,0.146
1985-86,Clippers,32-50,0.39
1984-85,Clippers,31-51,0.378
1983-84,Clippers,30-52,0.366
1982-83,Clippers,25-57,0.305
1981-82,Clippers,17-65,0.207
1980-81,Clippers,36-46,0.439
1979-80,Clippers,35-47,0.427
1978-79,Clippers,43-39,0.524
1977-78,Braves,27-55,0.329
1976-77,Braves,30-52,0.366
1975-76,Braves,46-36,0.561
1974-75,Braves,49-33,0.598
1973-74,Braves,42-40,0.512
1972-73,Braves,21-61,0.256
1971-72,Braves,22-60,0.268
1970-71,Braves,22-60,0.268
2016-17,Lakers,16-32,0.333
2015-16,Lakers,17-65,0.207
2014-15,Lakers,21-61,0.256
2013-14,Lakers,27-55,0.329
2012-13,Lakers,45-37,0.549
2011-12 *,Lakers,41-25,0.621
2010-11-01,Lakers,57-25,0.695
2009-10-01,Lakers,57-25,0.695
2008-09-01,Lakers,65-17,0.793
2007-08-01,Lakers,57-25,0.695
2006-07-01,Lakers,42-40,0.512
2005-06-01,Lakers,45-37,0.549
2004-05-01,Lakers,34-48,0.415
2003-04-01,Lakers,56-26,0.683
2002-03-01,Lakers,50-32,0.61
2001-02-01,Lakers,58-24,0.707
2000-01-01,Lakers,56-26,0.683
1999-00,Lakers,67-15,0.817
1998-99 *,Lakers,31-19,0.62
1997-98,Lakers,61-21,0.744
1996-97,Lakers,56-26,0.683
1995-96,Lakers,53-29,0.646
1994-95,Lakers,48-34,0.585
1993-94,Lakers,33-49,0.402
1992-93,Lakers,39-43,0.476
1991-92,Lakers,43-39,0.524
1990-91,Lakers,58-24,0.707
1989-90,Lakers,63-19,0.768
1988-89,Lakers,57-25,0.695
1987-88,Lakers,62-20,0.756
1986-87,Lakers,65-17,0.793
1985-86,Lakers,62-20,0.756
1984-85,Lakers,62-20,0.756
1983-84,Lakers,54-28,0.659
1982-83,Lakers,58-24,0.707
1981-82,Lakers,57-25,0.695
1980-81,Lakers,54-28,0.659
1979-80,Lakers,60-22,0.732
1978-79,Lakers,47-35,0.573
1977-78,Lakers,45-37,0.549
1976-77,Lakers,53-29,0.646
1975-76,Lakers,40-42,0.488
1974-75,Lakers,30-52,0.366
1973-74,Lakers,47-35,0.573
1972-73,Lakers,60-22,0.732
1971-72,Lakers,69-13,0.841
1970-71,Lakers,48-34,0.585
1969-70,Lakers,46-36,0.561
1968-69,Lakers,55-27,0.671
1967-68,Lakers,52-30,0.634
1966-67,Lakers,36-45,0.444
1965-66,Lakers,45-35,0.563
1964-65,Lakers,49-31,0.613
1963-64,Lakers,42-38,0.525
1962-63,Lakers,53-27,0.663
1961-62,Lakers,54-26,0.675
1960-61,Lakers,36-43,0.456
1959-60,Lakers,25-50,0.333
1958-59,Lakers,33-39,0.458
1957-58,Lakers,19-53,0.264
1956-57,Lakers,34-38,0.472
1955-56,Lakers,33-39,0.458
1954-55,Lakers,40-32,0.556
1953-54,Lakers,46-26,0.639
1952-53,Lakers,48-22,0.686
1951-52,Lakers,40-26,0.606
1950-51,Lakers,44-24,0.647
1949-50,Lakers,51-17,0.75
1948-49,Lakers,44-16,0.733
2016-17,Grizzlies,26-20,0.565
2015-16,Grizzlies,42-40,0.512
2014-15,Grizzlies,55-27,0.671
2013-14,Grizzlies,50-32,0.61
2012-13,Grizzlies,56-26,0.683
2011-12 *,Grizzlies,41-25,0.621
2010-11-01,Grizzlies,46-36,0.561
2009-10-01,Grizzlies,40-42,0.488
2008-09-01,Grizzlies,24-58,0.293
2007-08-01,Grizzlies,22-60,0.268
2006-07-01,Grizzlies,22-60,0.268
2005-06-01,Grizzlies,49-33,0.598
2004-05-01,Grizzlies,45-37,0.549
2003-04-01,Grizzlies,50-32,0.61
2002-03-01,Grizzlies,28-54,0.341
2001-02-01,Grizzlies,23-59,0.28
2000-01-01,Grizzlies,23-59,0.28
1999-00,Grizzlies,22-60,0.268
1998-99 *,Grizzlies,8-42,0.16
1997-98,Grizzlies,19-63,0.232
1996-97,Grizzlies,14-68,0.171
1995-96,Grizzlies,15-67,0.183
2016-17,Heat,14-30,0.318
2015-16,Heat,48-34,0.585
2014-15,Heat,37-45,0.451
2013-14,Heat,54-28,0.659
2012-13,Heat,66-16,0.805
2011-12 *,Heat,46-20,0.697
2010-11-01,Heat,58-24,0.707
2009-10-01,Heat,47-35,0.573
2008-09-01,Heat,43-39,0.524
2007-08-01,Heat,15-67,0.183
2006-07-01,Heat,44-38,0.537
2005-06-01,Heat,52-30,0.634
2004-05-01,Heat,59-23,0.72
2003-04-01,Heat,42-40,0.512
2002-03-01,Heat,25-57,0.305
2001-02-01,Heat,36-46,0.439
2000-01-01,Heat,50-32,0.61
1999-00,Heat,52-30,0.634
1998-99 *,Heat,33-17,0.66
1997-98,Heat,55-27,0.671
1996-97,Heat,61-21,0.744
1995-96,Heat,42-40,0.512
1994-95,Heat,32-50,0.39
1993-94,Heat,42-40,0.512
1992-93,Heat,36-46,0.439
1991-92,Heat,38-44,0.463
1990-91,Heat,24-58,0.293
1989-90,Heat,18-64,0.22
1988-89,Heat,15-67,0.183
2016-17,Bucks,20-23,0.465
2015-16,Bucks,33-49,0.402
2014-15,Bucks,41-41,0.5
2013-14,Bucks,15-67,0.183
2012-13,Bucks,38-44,0.463
2011-12 *,Bucks,31-35,0.47
2010-11-01,Bucks,35-47,0.427
2009-10-01,Bucks,46-36,0.561
2008-09-01,Bucks,34-48,0.415
2007-08-01,Bucks,26-56,0.317
2006-07-01,Bucks,28-54,0.341
2005-06-01,Bucks,40-42,0.488
2004-05-01,Bucks,30-52,0.366
2003-04-01,Bucks,41-41,0.5
2002-03-01,Bucks,42-40,0.512
2001-02-01,Bucks,41-41,0.5
2000-01-01,Bucks,52-30,0.634
1999-00,Bucks,42-40,0.512
1998-99 *,Bucks,28-22,0.56
1997-98,Bucks,36-46,0.439
1996-97,Bucks,33-49,0.402
1995-96,Bucks,25-57,0.305
1994-95,Bucks,34-48,0.415
1993-94,Bucks,20-62,0.244
1992-93,Bucks,28-54,0.341
1991-92,Bucks,31-51,0.378
1990-91,Bucks,48-34,0.585
1989-90,Bucks,44-38,0.537
1988-89,Bucks,49-33,0.598
1987-88,Bucks,42-40,0.512
1986-87,Bucks,50-32,0.61
1985-86,Bucks,57-25,0.695
1984-85,Bucks,59-23,0.72
1983-84,Bucks,50-32,0.61
1982-83,Bucks,51-31,0.622
1981-82,Bucks,55-27,0.671
1980-81,Bucks,60-22,0.732
1979-80,Bucks,49-33,0.598
1978-79,Bucks,38-44,0.463
1977-78,Bucks,44-38,0.537
1976-77,Bucks,30-52,0.366
1975-76,Bucks,38-44,0.463
1974-75,Bucks,38-44,0.463
1973-74,Bucks,59-23,0.72
1972-73,Bucks,60-22,0.732
1971-72,Bucks,63-19,0.768
1970-71,Bucks,66-16,0.805
1969-70,Bucks,56-26,0.683
1968-69,Bucks,27-55,0.329
2016-17,Timberwolves,16-28,0.364
2015-16,Timberwolves,29-53,0.354
2014-15,Timberwolves,16-66,0.195
2013-14,Timberwolves,40-42,0.488
2012-13,Timberwolves,31-51,0.378
2011-12 *,Timberwolves,26-40,0.394
2010-11-01,Timberwolves,17-65,0.207
2009-10-01,Timberwolves,15-67,0.183
2008-09-01,Timberwolves,24-58,0.293
2007-08-01,Timberwolves,22-60,0.268
2006-07-01,Timberwolves,32-50,0.39
2005-06-01,Timberwolves,33-49,0.402
2004-05-01,Timberwolves,44-38,0.537
2003-04-01,Timberwolves,58-24,0.707
2002-03-01,Timberwolves,51-31,0.622
2001-02-01,Timberwolves,50-32,0.61
2000-01-01,Timberwolves,47-35,0.573
1999-00,Timberwolves,50-32,0.61
1998-99 *,Timberwolves,25-25,0.5
1997-98,Timberwolves,45-37,0.549
1996-97,Timberwolves,40-42,0.488
1995-96,Timberwolves,26-56,0.317
1994-95,Timberwolves,21-61,0.256
1993-94,Timberwolves,20-62,0.244
1992-93,Timberwolves,19-63,0.232
1991-92,Timberwolves,15-67,0.183
1990-91,Timberwolves,29-53,0.354
1989-90,Timberwolves,22-60,0.268
2016-17,Pelicans,17-27,0.386
2015-16,Pelicans,30-52,0.366
2014-15,Pelicans,45-37,0.549
2013-14,Pelicans,34-48,0.415
2012-13,Hornets,27-55,0.329
2011-12 *,Hornets,21-45,0.318
2010-11-01,Hornets,46-36,0.561
2009-10-01,Hornets,37-45,0.451
2008-09-01,Hornets,49-33,0.598
2007-08-01,Hornets,56-26,0.683
2006-07-01,Hornets,39-43,0.476
2005-06-01,Hornets,38-44,0.463
2004-05-01,Hornets,18-64,0.22
2003-04-01,Hornets,41-41,0.5
2002-03-01,Hornets,47-35,0.573
2001-02-01,Knicks,19-26,0.422
2000-01-01,Knicks,32-50,0.39
2014-15,Knicks,17-65,0.207
2013-14,Knicks,37-45,0.451
2012-13,Knicks,54-28,0.659
2011-12 *,Knicks,36-30,0.545
2010-11-01,Knicks,42-40,0.512
2009-10-01,Knicks,29-53,0.354
2008-09-01,Knicks,32-50,0.39
2007-08-01,Knicks,23-59,0.28
2006-07-01,Knicks,33-49,0.402
2005-06-01,Knicks,23-59,0.28
2004-05-01,Knicks,33-49,0.402
2003-04-01,Knicks,39-43,0.476
2002-03-01,Knicks,37-45,0.451
2001-02-01,Knicks,30-52,0.366
2000-01-01,Knicks,48-34,0.585
1999-00,Knicks,50-32,0.61
1998-99 *,Knicks,27-23,0.54
1997-98,Knicks,43-39,0.524
1996-97,Knicks,57-25,0.695
1995-96,Knicks,47-35,0.573
1994-95,Knicks,55-27,0.671
1993-94,Knicks,57-25,0.695
1992-93,Knicks,60-22,0.732
1991-92,Knicks,51-31,0.622
1990-91,Knicks,39-43,0.476
1989-90,Knicks,45-37,0.549
1988-89,Knicks,52-30,0.634
1987-88,Knicks,38-44,0.463
1986-87,Knicks,24-58,0.293
1985-86,Knicks,23-59,0.28
1984-85,Knicks,24-58,0.293
1983-84,Knicks,47-35,0.573
1982-83,Knicks,44-38,0.537
1981-82,Knicks,33-49,0.402
1980-81,Knicks,50-32,0.61
1979-80,Knicks,39-43,0.476
1978-79,Knicks,31-51,0.378
1977-78,Knicks,43-39,0.524
1976-77,Knicks,40-42,0.488
1975-76,Knicks,38-44,0.463
1974-75,Knicks,40-42,0.488
1973-74,Knicks,49-33,0.598
1972-73,Knicks,57-25,0.695
1971-72,Knicks,48-34,0.585
1970-71,Knicks,52-30,0.634
1969-70,Knicks,60-22,0.732
1968-69,Knicks,54-28,0.659
1967-68,Knicks,43-39,0.524
1966-67,Knicks,36-45,0.444
1965-66,Knicks,30-50,0.375
1964-65,Knicks,31-49,0.388
1963-64,Knicks,22-58,0.275
1962-63,Knicks,21-59,0.263
1961-62,Knicks,29-51,0.363
1960-61,Knicks,21-58,0.266
1959-60,Knicks,27-48,0.36
1958-59,Knicks,40-32,0.556
1957-58,Knicks,35-37,0.486
1956-57,Knicks,36-36,0.5
1955-56,Knicks,35-37,0.486
1954-55,Knicks,38-34,0.528
1953-54,Knicks,44-28,0.611
1952-53,Knicks,47-23,0.671
1951-52,Knicks,37-29,0.561
1950-51,Knicks,36-30,0.545
1949-50,Knicks,40-28,0.588
1948-49,Knicks,32-28,0.533
1947-48,Knicks,26-22,0.542
1946-47,Knicks,33-27,0.55
2016-17,Thunder,25-19,0.568
2015-16,Thunder,55-27,0.671
2014-15,Thunder,45-37,0.549
2013-14,Thunder,59-23,0.72
2012-13,Thunder,60-22,0.732
2011-12 *,Thunder,47-19,0.712
2010-11-01,Thunder,55-27,0.671
2009-10-01,Thunder,50-32,0.61
2008-09-01,Thunder,23-59,0.28
2007-08-01,Supersonics,20-62,0.244
2006-07-01,Supersonics,31-51,0.378
2005-06-01,Supersonics,35-47,0.427
2004-05-01,Supersonics,52-30,0.634
2003-04-01,Supersonics,37-45,0.451
2002-03-01,Supersonics,40-42,0.488
2001-02-01,Supersonics,45-37,0.549
2000-01-01,Supersonics,44-38,0.537
1999-00,Supersonics,45-37,0.549
1998-99 *,Supersonics,25-25,0.5
1997-98,Supersonics,61-21,0.744
1996-97,Supersonics,57-25,0.695
1995-96,Supersonics,64-18,0.78
1994-95,Supersonics,57-25,0.695
1993-94,Supersonics,63-19,0.768
1992-93,Supersonics,55-27,0.671
1991-92,Supersonics,47-35,0.573
1990-91,Supersonics,41-41,0.5
1989-90,Supersonics,41-41,0.5
1988-89,Supersonics,47-35,0.573
1987-88,Supersonics,44-38,0.537
1986-87,Supersonics,39-43,0.476
1985-86,Supersonics,31-51,0.378
1984-85,Supersonics,31-51,0.378
1983-84,Supersonics,42-40,0.512
1982-83,Supersonics,48-34,0.585
1981-82,Supersonics,52-30,0.634
1980-81,Supersonics,34-48,0.415
1979-80,Supersonics,56-26,0.683
1978-79,Supersonics,52-30,0.634
1977-78,Supersonics,47-35,0.573
1976-77,Supersonics,40-42,0.488
1975-76,Supersonics,43-39,0.524
1974-75,Supersonics,43-39,0.524
1973-74,Supersonics,36-46,0.439
1972-73,Supersonics,26-56,0.317
1971-72,Supersonics,47-35,0.573
1970-71,Supersonics,38-44,0.463
1969-70,Supersonics,36-46,0.439
1968-69,Supersonics,30-52,0.366
1967-68,Supersonics,23-59,0.28
2016-17,Magic,18-28,0.391
2015-16,Magic,35-47,0.427
2014-15,Magic,25-57,0.305
2013-14,Magic,23-59,0.28
2012-13,Magic,20-62,0.244
2011-12 *,Magic,37-29,0.561
2010-11-01,Magic,52-30,0.634
2009-10-01,Magic,59-23,0.72
2008-09-01,Magic,59-23,0.72
2007-08-01,Magic,52-30,0.634
2006-07-01,Magic,40-42,0.488
2005-06-01,Magic,36-46,0.439
2004-05-01,Magic,36-46,0.439
2003-04-01,Magic,21-61,0.256
2002-03-01,Magic,42-40,0.512
2001-02-01,Magic,44-38,0.537
2000-01-01,Magic,43-39,0.524
1999-00,Magic,41-41,0.5
1998-99 *,Magic,33-17,0.66
1997-98,Magic,41-41,0.5
1996-97,Magic,45-37,0.549
1995-96,Magic,60-22,0.732
1994-95,Magic,57-25,0.695
1993-94,Magic,50-32,0.61
1992-93,Magic,41-41,0.5
1991-92,Magic,21-61,0.256
1990-91,Magic,31-51,0.378
1989-90,Magic,18-64,0.22
2016-17,76ers,15-27,0.357
2015-16,76ers,10-72,0.122
2014-15,76ers,18-64,0.22
2013-14,76ers,19-63,0.232
2012-13,76ers,34-48,0.415
2011-12 *,76ers,35-31,0.53
2010-11-01,76ers,41-41,0.5
2009-10-01,76ers,27-55,0.329
2008-09-01,76ers,41-41,0.5
2007-08-01,76ers,40-42,0.488
2006-07-01,76ers,35-47,0.427
2005-06-01,76ers,38-44,0.463
2004-05-01,76ers,43-39,0.524
2003-04-01,76ers,33-49,0.402
2002-03-01,76ers,48-34,0.585
2001-02-01,76ers,43-39,0.524
2000-01-01,76ers,56-26,0.683
1999-00,76ers,49-33,0.598
1998-99 *,76ers,28-22,0.56
1997-98,76ers,31-51,0.378
1996-97,76ers,22-60,0.268
1995-96,76ers,18-64,0.22
1994-95,76ers,24-58,0.293
1993-94,76ers,25-57,0.305
1992-93,76ers,26-56,0.317
1991-92,76ers,35-47,0.427
1990-91,76ers,44-38,0.537
1989-90,76ers,53-29,0.646
1988-89,76ers,46-36,0.561
1987-88,76ers,36-46,0.439
1986-87,76ers,45-37,0.549
1985-86,76ers,54-28,0.659
1984-85,76ers,58-24,0.707
1983-84,76ers,52-30,0.634
1982-83,76ers,65-17,0.793
1981-82,76ers,58-24,0.707
1980-81,76ers,62-20,0.756
1979-80,76ers,59-23,0.72
1978-79,76ers,47-35,0.573
1977-78,76ers,55-27,0.671
1976-77,76ers,50-32,0.61
1975-76,76ers,46-36,0.561
1974-75,76ers,34-48,0.415
1973-74,76ers,25-57,0.305
1972-73,76ers,9-73,0.11
1971-72,76ers,30-52,0.366
1970-71,76ers,47-35,0.573
1969-70,76ers,42-40,0.512
1968-69,76ers,55-27,0.671
1967-68,76ers,62-20,0.756
1966-67,76ers,68-13,0.84
1965-66,76ers,55-25,0.688
1964-65,76ers,40-40,0.5
1963-64,76ers,34-46,0.425
1962-63,Nationals,48-32,0.6
1961-62,Nationals,41-39,0.513
1960-61,Nationals,38-41,0.481
1959-60,Nationals,45-30,0.6
1958-59,Nationals,35-37,0.486
1957-58,Nationals,41-31,0.569
1956-57,Nationals,38-34,0.528
1955-56,Nationals,35-37,0.486
1954-55,Nationals,43-29,0.597
1953-54,Nationals,42-30,0.583
1952-53,Nationals,47-24,0.662
1951-52,Nationals,40-26,0.606
1950-51,Nationals,32-34,0.485
1949-50,Nationals,51-13,0.797
2016-17,Suns,15-29,0.341
2015-16,Suns,23-59,0.28
2014-15,Suns,39-43,0.476
2013-14,Suns,48-34,0.585
2012-13,Suns,25-57,0.305
2011-12 *,Suns,33-33,0.5
2010-11-01,Suns,40-42,0.488
2009-10-01,Suns,54-28,0.659
2008-09-01,Suns,46-36,0.561
2007-08-01,Suns,55-27,0.671
2006-07-01,Suns,61-21,0.744
2005-06-01,Suns,54-28,0.659
2004-05-01,Suns,62-20,0.756
2003-04-01,Suns,29-53,0.354
2002-03-01,Suns,44-38,0.537
2001-02-01,Suns,36-46,0.439
2000-01-01,Suns,51-31,0.622
1999-00,Suns,53-29,0.646
1998-99 *,Suns,27-23,0.54
1997-98,Suns,56-26,0.683
1996-97,Suns,40-42,0.488
1995-96,Suns,41-41,0.5
1994-95,Suns,59-23,0.72
1993-94,Suns,56-26,0.683
1992-93,Suns,62-20,0.756
1991-92,Suns,53-29,0.646
1990-91,Suns,55-27,0.671
1989-90,Suns,54-28,0.659
1988-89,Suns,55-27,0.671
1987-88,Suns,28-54,0.341
1986-87,Suns,36-46,0.439
1985-86,Suns,32-50,0.39
1984-85,Suns,36-46,0.439
1983-84,Suns,41-41,0.5
1982-83,Suns,53-29,0.646
1981-82,Suns,46-36,0.561
1980-81,Suns,57-25,0.695
1979-80,Suns,55-27,0.671
1978-79,Suns,50-32,0.61
1977-78,Suns,49-33,0.598
1976-77,Suns,34-48,0.415
1975-76,Suns,42-40,0.512
1974-75,Suns,32-50,0.39
1973-74,Suns,30-52,0.366
1972-73,Suns,38-44,0.463
1971-72,Suns,49-33,0.598
1970-71,Suns,48-34,0.585
1969-70,Suns,39-43,0.476
1968-69,Suns,16-66,0.195
2016-17,Trail Blazers,19-27,0.413
2015-16,Trail Blazers,44-38,0.537
2014-15,Trail Blazers,51-31,0.622
2013-14,Trail Blazers,54-28,0.659
2012-13,Trail Blazers,33-49,0.402
2011-12 *,Trail Blazers,28-38,0.424
2010-11-01,Trail Blazers,48-34,0.585
2009-10-01,Trail Blazers,50-32,0.61
2008-09-01,Trail Blazers,54-28,0.659
2007-08-01,Trail Blazers,41-41,0.5
2006-07-01,Trail Blazers,32-50,0.39
2005-06-01,Trail Blazers,21-61,0.256
2004-05-01,Trail Blazers,27-55,0.329
2003-04-01,Trail Blazers,41-41,0.5
2002-03-01,Trail Blazers,50-32,0.61
2001-02-01,Trail Blazers,49-33,0.598
2000-01-01,Trail Blazers,50-32,0.61
1999-00,Trail Blazers,59-23,0.72
1998-99 *,Trail Blazers,35-15,0.7
1997-98,Trail Blazers,46-36,0.561
1996-97,Trail Blazers,49-33,0.598
1995-96,Trail Blazers,44-38,0.537
1994-95,Trail Blazers,44-38,0.537
1993-94,Trail Blazers,47-35,0.573
1992-93,Trail Blazers,51-31,0.622
1991-92,Trail Blazers,57-25,0.695
1990-91,Trail Blazers,63-19,0.768
1989-90,Trail Blazers,59-23,0.72
1988-89,Trail Blazers,39-43,0.476
1987-88,Trail Blazers,53-29,0.646
1986-87,Trail Blazers,49-33,0.598
1985-86,Trail Blazers,40-42,0.488
1984-85,Trail Blazers,42-40,0.512
1983-84,Trail Blazers,48-34,0.585
1982-83,Trail Blazers,46-36,0.561
1981-82,Trail Blazers,42-40,0.512
1980-81,Trail Blazers,45-37,0.549
1979-80,Trail Blazers,38-44,0.463
1978-79,Trail Blazers,45-37,0.549
1977-78,Trail Blazers,58-24,0.707
1976-77,Trail Blazers,49-33,0.598
1975-76,Trail Blazers,37-45,0.451
1974-75,Trail Blazers,38-44,0.463
1973-74,Trail Blazers,27-55,0.329
1972-73,Trail Blazers,21-61,0.256
1971-72,Trail Blazers,18-64,0.22
1970-71,Trail Blazers,29-53,0.354
2016-17,Kings,16-27,0.372
2015-16,Kings,33-49,0.402
2014-15,Kings,29-53,0.354
2013-14,Kings,28-54,0.341
2012-13,Kings,28-54,0.341
2011-12 *,Kings,22-44,0.333
2010-11-01,Kings,24-58,0.293
2009-10-01,Kings,25-57,0.305
2008-09-01,Kings,17-65,0.207
2007-08-01,Kings,38-44,0.463
2006-07-01,Kings,33-49,0.402
2005-06-01,Kings,44-38,0.537
2004-05-01,Kings,50-32,0.61
2003-04-01,Kings,55-27,0.671
2002-03-01,Kings,59-23,0.72
2001-02-01,Kings,61-21,0.744
2000-01-01,Kings,55-27,0.671
1999-00,Kings,44-38,0.537
1998-99 *,Kings,27-23,0.54
1997-98,Kings,27-55,0.329
1996-97,Kings,34-48,0.415
1995-96,Kings,39-43,0.476
1994-95,Kings,39-43,0.476
1993-94,Kings,28-54,0.341
1992-93,Kings,25-57,0.305
1991-92,Kings,29-53,0.354
1990-91,Kings,25-57,0.305
1989-90,Kings,23-59,0.28
1988-89,Kings,27-55,0.329
1987-88,Kings,24-58,0.293
1986-87,Kings,29-53,0.354
1985-86,Kings,37-45,0.451
1984-85,Kings,31-51,0.378
1983-84,Kings,38-44,0.463
1982-83,Kings,45-37,0.549
1981-82,Kings,30-52,0.366
1980-81,Kings,40-42,0.488
1979-80,Kings,47-35,0.573
1978-79,Kings,48-34,0.585
1977-78,Kings,31-51,0.378
1976-77,Kings,40-42,0.488
1975-76,Kings,31-51,0.378
1974-75,Kings,44-38,0.537
1973-74,Kings,33-49,0.402
1972-73,Kings,36-46,0.439
1971-72,Royals,30-52,0.366
1970-71,Royals,33-49,0.402
1969-70,Royals,36-46,0.439
1968-69,Royals,41-41,0.5
1967-68,Royals,39-43,0.476
1966-67,Royals,39-42,0.481
1965-66,Royals,45-35,0.563
1964-65,Royals,48-32,0.6
1963-64,Royals,55-25,0.688
1962-63,Royals,42-38,0.525
1961-62,Royals,43-37,0.538
1960-61,Royals,33-46,0.418
1959-60,Royals,19-56,0.253
1958-59,Royals,19-53,0.264
1957-58,Royals,33-39,0.458
1956-57,Royals,31-41,0.431
1955-56,Royals,31-41,0.431
1954-55,Royals,29-43,0.403
1953-54,Royals,44-28,0.611
1952-53,Royals,44-26,0.629
1951-52,Royals,41-25,0.621
1950-51,Royals,41-27,0.603
1949-50,Royals,51-17,0.75
1948-49,Royals,45-15,0.75
2016-17,Spurs,34-9,0.791
2015-16,Spurs,67-15,0.817
2014-15,Spurs,55-27,0.671
2013-14,Spurs,62-20,0.756
2012-13,Spurs,58-24,0.707
2011-12 *,Spurs,50-16,0.758
2010-11-01,Spurs,61-21,0.744
2009-10-01,Spurs,50-32,0.61
2008-09-01,Spurs,54-28,0.659
2007-08-01,Spurs,56-26,0.683
2006-07-01,Spurs,58-24,0.707
2005-06-01,Spurs,63-19,0.768
2004-05-01,Spurs,59-23,0.72
2003-04-01,Spurs,57-25,0.695
2002-03-01,Spurs,60-22,0.732
2001-02-01,Spurs,58-24,0.707
2000-01-01,Spurs,58-24,0.707
1999-00,Spurs,53-29,0.646
1998-99 *,Spurs,37-13,0.74
1997-98,Spurs,56-26,0.683
1996-97,Spurs,20-62,0.244
1995-96,Spurs,59-23,0.72
1994-95,Spurs,62-20,0.756
1993-94,Spurs,55-27,0.671
1992-93,Spurs,49-33,0.598
1991-92,Spurs,47-35,0.573
1990-91,Spurs,55-27,0.671
1989-90,Spurs,56-26,0.683
1988-89,Spurs,21-61,0.256
1987-88,Spurs,31-51,0.378
1986-87,Spurs,28-54,0.341
1985-86,Spurs,35-47,0.427
1984-85,Spurs,41-41,0.5
1983-84,Spurs,37-45,0.451
1982-83,Spurs,53-29,0.646
1981-82,Spurs,48-34,0.585
1980-81,Spurs,52-30,0.634
1979-80,Spurs,41-41,0.5
1978-79,Spurs,48-34,0.585
1977-78,Spurs,52-30,0.634
1976-77,Spurs,44-38,0.537
2016-17,Raptors,28-16,0.636
2015-16,Raptors,56-26,0.683
2014-15,Raptors,49-33,0.598
2013-14,Raptors,48-34,0.585
2012-13,Raptors,34-48,0.415
2011-12 *,Raptors,23-43,0.348
2010-11-01,Raptors,22-60,0.268
2009-10-01,Raptors,40-42,0.488
2008-09-01,Raptors,33-49,0.402
2007-08-01,Raptors,41-41,0.5
2006-07-01,Raptors,47-35,0.573
2005-06-01,Raptors,27-55,0.329
2004-05-01,Raptors,33-49,0.402
2003-04-01,Raptors,33-49,0.402
2002-03-01,Raptors,24-58,0.293
2001-02-01,Raptors,42-40,0.512
2000-01-01,Raptors,47-35,0.573
1999-00,Raptors,45-37,0.549
1998-99 *,Raptors,23-27,0.46
1997-98,Raptors,16-66,0.195
1996-97,Raptors,30-52,0.366
1995-96,Raptors,21-61,0.256
2016-17,Jazz,29-16,0.644
2015-16,Jazz,40-42,0.488
2014-15,Jazz,38-44,0.463
2013-14,Jazz,25-57,0.305
2012-13,Jazz,43-39,0.524
2011-12 *,Jazz,36-30,0.545
2010-11-01,Jazz,39-43,0.476
2009-10-01,Jazz,53-29,0.646
2008-09-01,Jazz,48-34,0.585
2007-08-01,Jazz,54-28,0.659
2006-07-01,Jazz,51-31,0.622
2005-06-01,Jazz,41-41,0.5
2004-05-01,Jazz,26-56,0.317
2003-04-01,Jazz,42-40,0.512
2002-03-01,Jazz,47-35,0.573
2001-02-01,Jazz,44-38,0.537
2000-01-01,Jazz,53-29,0.646
1999-00,Jazz,55-27,0.671
1998-99 *,Jazz,37-13,0.74
1997-98,Jazz,62-20,0.756
1996-97,Jazz,64-18,0.78
1995-96,Jazz,55-27,0.671
1994-95,Jazz,60-22,0.732
1993-94,Jazz,53-29,0.646
1992-93,Jazz,47-35,0.573
1991-92,Jazz,55-27,0.671
1990-91,Jazz,54-28,0.659
1989-90,Jazz,55-27,0.671
1988-89,Jazz,51-31,0.622
1987-88,Jazz,47-35,0.573
1986-87,Jazz,44-38,0.537
1985-86,Jazz,42-40,0.512
1984-85,Jazz,41-41,0.5
1983-84,Jazz,45-37,0.549
1982-83,Jazz,30-52,0.366
1981-82,Jazz,25-57,0.305
1980-81,Jazz,28-54,0.341
1979-80,Jazz,24-58,0.293
1978-79,Jazz,26-56,0.317
1977-78,Jazz,39-43,0.476
1976-77,Jazz,35-47,0.427
1975-76,Jazz,38-44,0.463
1974-75,Jazz,23-59,0.28
2016-17,Wizards,23-20,0.535
2015-16,Wizards,41-41,0.5
2014-15,Wizards,46-36,0.561
2013-14,Wizards,44-38,0.537
2012-13,Wizards,29-53,0.354
2011-12 *,Wizards,20-46,0.303
2010-11-01,Wizards,23-59,0.28
2009-10-01,Wizards,26-56,0.317
2008-09-01,Wizards,19-63,0.232
2007-08-01,Wizards,43-39,0.524
2006-07-01,Wizards,41-41,0.5
2005-06-01,Wizards,42-40,0.512
2004-05-01,Wizards,45-37,0.549
2003-04-01,Wizards,25-57,0.305
2002-03-01,Wizards,37-45,0.451
2001-02-01,Wizards,37-45,0.451
2000-01-01,Wizards,19-63,0.232
1999-00,Wizards,29-53,0.354
1998-99 *,Wizards,18-32,0.36
1997-98,Wizards,42-40,0.512
1996-97,Bullets,44-38,0.537
1995-96,Bullets,39-43,0.476
1994-95,Bullets,21-61,0.256
1993-94,Bullets,24-58,0.293
1992-93,Bullets,22-60,0.268
1991-92,Bullets,25-57,0.305
1990-91,Bullets,30-52,0.366
1989-90,Bullets,31-51,0.378
1988-89,Bullets,40-42,0.488
1987-88,Bullets,38-44,0.463
1986-87,Bullets,42-40,0.512
1985-86,Bullets,39-43,0.476
1984-85,Bullets,40-42,0.488
1983-84,Bullets,35-47,0.427
1982-83,Bullets,42-40,0.512
1981-82,Bullets,43-39,0.524
1980-81,Bullets,39-43,0.476
1979-80,Bullets,39-43,0.476
1978-79,Bullets,54-28,0.659
1977-78,Bullets,44-38,0.537
1976-77,Bullets,48-34,0.585
1975-76,Bullets,48-34,0.585
1974-75,Bullets,60-22,0.732
1973-74,Bullets,47-35,0.573
1972-73,Bullets,52-30,0.634
1971-72,Bullets,38-44,0.463
1970-71,Bullets,42-40,0.512
1969-70,Bullets,50-32,0.61
1968-69,Bullets,57-25,0.695
1967-68,Bullets,36-46,0.439
1966-67,Bullets,20-61,0.247
1965-66,Bullets,38-42,0.475
1964-65,Bullets,37-43,0.463
1963-64,Bullets,31-49,0.388
1962-63,Zephyrs,25-55,0.313
1961-62,Packers,18-62,0.225
