{"name":"jbp12_nba-championship-teams-winning-percentages-regular-season","title":"NBA Championship Teams' Winning Percentages (Regular Season)","description":"Regular season win-loss records and winning percentages for teams from every NBA championship (including BAA teams)","homepage":"https://data.world/jbp12/nba-championship-teams-winning-percentages-regular-season","license":"Public Domain","resources":[{"name":"regular_season_winning_percentages_of_nba_championship_champions_vs_losers_1947_2017","schema":{"fields":[{"name":"year","title":"Year","type":"gyear","rdfType":"http://www.w3.org/2001/XMLSchema#gYear"},{"name":"champion","title":"Champion","type":"string","rdfType":"http://www.w3.org/2001/XMLSchema#string"},{"name":"wins","title":"Wins","type":"integer","rdfType":"http://www.w3.org/2001/XMLSchema#integer"},{"name":"losses","title":"Losses","type":"integer","rdfType":"http://www.w3.org/2001/XMLSchema#integer"},{"name":"champplayoffseed","title":"ChampPlayoffSeed","type":"integer","rdfType":"http://www.w3.org/2001/XMLSchema#integer"},{"name":"champwinratio","title":"ChampWinRatio","type":"number","rdfType":"http://www.w3.org/2001/XMLSchema#decimal"},{"name":"loser","title":"Loser","type":"string","rdfType":"http://www.w3.org/2001/XMLSchema#string"},{"name":"wins_2","title":"Wins","type":"integer","rdfType":"http://www.w3.org/2001/XMLSchema#integer"},{"name":"losses_2","title":"Losses","type":"integer","rdfType":"http://www.w3.org/2001/XMLSchema#integer"},{"name":"loserplayoffseed","title":"LoserPlayoffSeed","type":"integer","rdfType":"http://www.w3.org/2001/XMLSchema#integer"},{"name":"loserwinratio","title":"LoserWinRatio","type":"number","rdfType":"http://www.w3.org/2001/XMLSchema#decimal"}]},"path":"data/regular_season_winning_percentages_of_nba_championship_champions_vs_losers_1947_2017.csv","format":"csv"},{"name":"regular_season_winning_percentages_of_nba_championship_losers_1947_2017","schema":{"fields":[{"name":"year","title":"Year","type":"gyear","rdfType":"http://www.w3.org/2001/XMLSchema#gYear"},{"name":"loser","title":"Loser","type":"string","rdfType":"http://www.w3.org/2001/XMLSchema#string"},{"name":"wins","title":"Wins","type":"integer","rdfType":"http://www.w3.org/2001/XMLSchema#integer"},{"name":"losses","title":"Losses","type":"integer","rdfType":"http://www.w3.org/2001/XMLSchema#integer"},{"name":"playoffseed","title":"PlayoffSeed","type":"integer","rdfType":"http://www.w3.org/2001/XMLSchema#integer"},{"name":"winratio","title":"WinRatio","type":"number","rdfType":"http://www.w3.org/2001/XMLSchema#decimal"}]},"path":"data/regular_season_winning_percentages_of_nba_championship_losers_1947_2017.csv","format":"csv"},{"name":"regular_season_winning_percentages_of_nba_championship_winners_1947_2017","schema":{"fields":[{"name":"year","title":"Year","type":"gyear","rdfType":"http://www.w3.org/2001/XMLSchema#gYear"},{"name":"champion","title":"Champion","type":"string","rdfType":"http://www.w3.org/2001/XMLSchema#string"},{"name":"wins","title":"Wins","type":"integer","rdfType":"http://www.w3.org/2001/XMLSchema#integer"},{"name":"losses","title":"Losses","type":"integer","rdfType":"http://www.w3.org/2001/XMLSchema#integer"},{"name":"playoffseed","title":"PlayoffSeed","type":"integer","rdfType":"http://www.w3.org/2001/XMLSchema#integer"},{"name":"winratio","title":"WinRatio","type":"number","rdfType":"http://www.w3.org/2001/XMLSchema#decimal"}]},"path":"data/regular_season_winning_percentages_of_nba_championship_winners_1947_2017.csv","format":"csv"},{"name":"original/Regular Season Winning Percentages of NBA Championship Champions vs. Losers_ 1947-2017.xlsx","path":"original/Regular Season Winning Percentages of NBA Championship Champions vs. Losers_ 1947-2017.xlsx","format":"xlsx","mediatype":"application/vnd.openxmlformats-officedocument.spreadsheetml.sheet","bytes":8293},{"name":"original/Regular Season Winning Percentages of NBA Championship Losers_ 1947-2017.xlsx","path":"original/Regular Season Winning Percentages of NBA Championship Losers_ 1947-2017.xlsx","format":"xlsx","mediatype":"application/vnd.openxmlformats-officedocument.spreadsheetml.sheet","bytes":6333},{"name":"original/Regular Season Winning Percentages of NBA Championship Winners_ 1947-2017.xlsx","path":"original/Regular Season Winning Percentages of NBA Championship Winners_ 1947-2017.xlsx","format":"xlsx","mediatype":"application/vnd.openxmlformats-officedocument.spreadsheetml.sheet","bytes":6236}],"keywords":["nba","nba championship","sports","basketball","baa"]}