{"name":"fivethirtyeight_march-madness-2015-women","title":"March Madness 2015 - Women","description":"**See Readme for more details.** \n This repository contains a selection of the data -- and the data-processing scripts -- behind the articles, graphics and interactives at FiveThirtyEight. \n  \n We hope you'll use it to check our work and to create stories and visualizations of your own. The data is available under the [Creative Commons Attribution 4.0 International License](http://creativecommons.org/licenses/by/4.0/) and the code is available under the [MIT License](http://opensource.org/licenses/MIT). If you do find it useful, please let us know](andrei.scheinkman@fivethirtyeight.com).\n\n**_Source:_** https://github.com/fivethirtyeight/data","homepage":"https://data.world/fivethirtyeight/march-madness-2015-women","license":"CC-BY","resources":[{"name":"bracket_00","schema":{"fields":[{"name":"team_id","title":"team_id","type":"integer","rdfType":"http://www.w3.org/2001/XMLSchema#integer"},{"name":"team_name","title":"team_name","type":"string","rdfType":"http://www.w3.org/2001/XMLSchema#string"},{"name":"team_seed","title":"team_seed","type":"integer","rdfType":"http://www.w3.org/2001/XMLSchema#integer"},{"name":"team_region","title":"team_region","type":"string","rdfType":"http://www.w3.org/2001/XMLSchema#string"},{"name":"playin_flag","title":"playin_flag","type":"string","rdfType":"http://www.w3.org/2001/XMLSchema#string"},{"name":"team_alive","title":"team_alive","type":"boolean","rdfType":"http://www.w3.org/2001/XMLSchema#boolean"},{"name":"rd1_win","title":"rd1_win","type":"boolean","rdfType":"http://www.w3.org/2001/XMLSchema#boolean"},{"name":"rd2_win","title":"rd2_win","type":"number","rdfType":"http://www.w3.org/2001/XMLSchema#decimal"},{"name":"rd3_win","title":"rd3_win","type":"number","rdfType":"http://www.w3.org/2001/XMLSchema#decimal"},{"name":"rd4_win","title":"rd4_win","type":"number","rdfType":"http://www.w3.org/2001/XMLSchema#decimal"},{"name":"rd5_win","title":"rd5_win","type":"number","rdfType":"http://www.w3.org/2001/XMLSchema#decimal"},{"name":"rd6_win","title":"rd6_win","type":"number","rdfType":"http://www.w3.org/2001/XMLSchema#decimal"},{"name":"rd7_win","title":"rd7_win","type":"number","rdfType":"http://www.w3.org/2001/XMLSchema#decimal"},{"name":"win_odds","title":"win_odds","type":"number","rdfType":"http://www.w3.org/2001/XMLSchema#decimal"},{"name":"timestamp","title":"timestamp","type":"string","rdfType":"http://www.w3.org/2001/XMLSchema#string"}]},"path":"data/bracket_00.csv","format":"csv"},{"name":"bracket_01","schema":{"fields":[{"name":"team_id","title":"team_id","type":"integer","rdfType":"http://www.w3.org/2001/XMLSchema#integer"},{"name":"team_name","title":"team_name","type":"string","rdfType":"http://www.w3.org/2001/XMLSchema#string"},{"name":"team_seed","title":"team_seed","type":"integer","rdfType":"http://www.w3.org/2001/XMLSchema#integer"},{"name":"team_region","title":"team_region","type":"string","rdfType":"http://www.w3.org/2001/XMLSchema#string"},{"name":"playin_flag","title":"playin_flag","type":"string","rdfType":"http://www.w3.org/2001/XMLSchema#string"},{"name":"team_alive","title":"team_alive","type":"boolean","rdfType":"http://www.w3.org/2001/XMLSchema#boolean"},{"name":"rd1_win","title":"rd1_win","type":"boolean","rdfType":"http://www.w3.org/2001/XMLSchema#boolean"},{"name":"rd2_win","title":"rd2_win","type":"number","rdfType":"http://www.w3.org/2001/XMLSchema#decimal"},{"name":"rd3_win","title":"rd3_win","type":"number","rdfType":"http://www.w3.org/2001/XMLSchema#decimal"},{"name":"rd4_win","title":"rd4_win","type":"number","rdfType":"http://www.w3.org/2001/XMLSchema#decimal"},{"name":"rd5_win","title":"rd5_win","type":"number","rdfType":"http://www.w3.org/2001/XMLSchema#decimal"},{"name":"rd6_win","title":"rd6_win","type":"number","rdfType":"http://www.w3.org/2001/XMLSchema#decimal"},{"name":"rd7_win","title":"rd7_win","type":"number","rdfType":"http://www.w3.org/2001/XMLSchema#decimal"},{"name":"win_odds","title":"win_odds","type":"string","rdfType":"http://www.w3.org/2001/XMLSchema#string"},{"name":"timestamp","title":"timestamp","type":"string","rdfType":"http://www.w3.org/2001/XMLSchema#string"}]},"path":"data/bracket_01.csv","format":"csv"},{"name":"bracket_02","schema":{"fields":[{"name":"team_id","title":"team_id","type":"integer","rdfType":"http://www.w3.org/2001/XMLSchema#integer"},{"name":"team_name","title":"team_name","type":"string","rdfType":"http://www.w3.org/2001/XMLSchema#string"},{"name":"team_seed","title":"team_seed","type":"integer","rdfType":"http://www.w3.org/2001/XMLSchema#integer"},{"name":"team_region","title":"team_region","type":"string","rdfType":"http://www.w3.org/2001/XMLSchema#string"},{"name":"playin_flag","title":"playin_flag","type":"string","rdfType":"http://www.w3.org/2001/XMLSchema#string"},{"name":"team_alive","title":"team_alive","type":"boolean","rdfType":"http://www.w3.org/2001/XMLSchema#boolean"},{"name":"rd1_win","title":"rd1_win","type":"boolean","rdfType":"http://www.w3.org/2001/XMLSchema#boolean"},{"name":"rd2_win","title":"rd2_win","type":"number","rdfType":"http://www.w3.org/2001/XMLSchema#decimal"},{"name":"rd3_win","title":"rd3_win","type":"number","rdfType":"http://www.w3.org/2001/XMLSchema#decimal"},{"name":"rd4_win","title":"rd4_win","type":"number","rdfType":"http://www.w3.org/2001/XMLSchema#decimal"},{"name":"rd5_win","title":"rd5_win","type":"number","rdfType":"http://www.w3.org/2001/XMLSchema#decimal"},{"name":"rd6_win","title":"rd6_win","type":"number","rdfType":"http://www.w3.org/2001/XMLSchema#decimal"},{"name":"rd7_win","title":"rd7_win","type":"number","rdfType":"http://www.w3.org/2001/XMLSchema#decimal"},{"name":"win_odds","title":"win_odds","type":"string","rdfType":"http://www.w3.org/2001/XMLSchema#string"},{"name":"timestamp","title":"timestamp","type":"string","rdfType":"http://www.w3.org/2001/XMLSchema#string"}]},"path":"data/bracket_02.csv","format":"csv"},{"name":"bracket_03","schema":{"fields":[{"name":"team_id","title":"team_id","type":"integer","rdfType":"http://www.w3.org/2001/XMLSchema#integer"},{"name":"team_name","title":"team_name","type":"string","rdfType":"http://www.w3.org/2001/XMLSchema#string"},{"name":"team_seed","title":"team_seed","type":"integer","rdfType":"http://www.w3.org/2001/XMLSchema#integer"},{"name":"team_region","title":"team_region","type":"string","rdfType":"http://www.w3.org/2001/XMLSchema#string"},{"name":"playin_flag","title":"playin_flag","type":"string","rdfType":"http://www.w3.org/2001/XMLSchema#string"},{"name":"team_alive","title":"team_alive","type":"boolean","rdfType":"http://www.w3.org/2001/XMLSchema#boolean"},{"name":"rd1_win","title":"rd1_win","type":"boolean","rdfType":"http://www.w3.org/2001/XMLSchema#boolean"},{"name":"rd2_win","title":"rd2_win","type":"number","rdfType":"http://www.w3.org/2001/XMLSchema#decimal"},{"name":"rd3_win","title":"rd3_win","type":"number","rdfType":"http://www.w3.org/2001/XMLSchema#decimal"},{"name":"rd4_win","title":"rd4_win","type":"number","rdfType":"http://www.w3.org/2001/XMLSchema#decimal"},{"name":"rd5_win","title":"rd5_win","type":"number","rdfType":"http://www.w3.org/2001/XMLSchema#decimal"},{"name":"rd6_win","title":"rd6_win","type":"number","rdfType":"http://www.w3.org/2001/XMLSchema#decimal"},{"name":"rd7_win","title":"rd7_win","type":"number","rdfType":"http://www.w3.org/2001/XMLSchema#decimal"},{"name":"win_odds","title":"win_odds","type":"string","rdfType":"http://www.w3.org/2001/XMLSchema#string"},{"name":"timestamp","title":"timestamp","type":"string","rdfType":"http://www.w3.org/2001/XMLSchema#string"}]},"path":"data/bracket_03.csv","format":"csv"},{"name":"bracket_04","schema":{"fields":[{"name":"team_id","title":"team_id","type":"integer","rdfType":"http://www.w3.org/2001/XMLSchema#integer"},{"name":"team_name","title":"team_name","type":"string","rdfType":"http://www.w3.org/2001/XMLSchema#string"},{"name":"team_seed","title":"team_seed","type":"integer","rdfType":"http://www.w3.org/2001/XMLSchema#integer"},{"name":"team_region","title":"team_region","type":"string","rdfType":"http://www.w3.org/2001/XMLSchema#string"},{"name":"playin_flag","title":"playin_flag","type":"string","rdfType":"http://www.w3.org/2001/XMLSchema#string"},{"name":"team_alive","title":"team_alive","type":"boolean","rdfType":"http://www.w3.org/2001/XMLSchema#boolean"},{"name":"rd1_win","title":"rd1_win","type":"boolean","rdfType":"http://www.w3.org/2001/XMLSchema#boolean"},{"name":"rd2_win","title":"rd2_win","type":"number","rdfType":"http://www.w3.org/2001/XMLSchema#decimal"},{"name":"rd3_win","title":"rd3_win","type":"number","rdfType":"http://www.w3.org/2001/XMLSchema#decimal"},{"name":"rd4_win","title":"rd4_win","type":"number","rdfType":"http://www.w3.org/2001/XMLSchema#decimal"},{"name":"rd5_win","title":"rd5_win","type":"number","rdfType":"http://www.w3.org/2001/XMLSchema#decimal"},{"name":"rd6_win","title":"rd6_win","type":"number","rdfType":"http://www.w3.org/2001/XMLSchema#decimal"},{"name":"rd7_win","title":"rd7_win","type":"number","rdfType":"http://www.w3.org/2001/XMLSchema#decimal"},{"name":"win_odds","title":"win_odds","type":"string","rdfType":"http://www.w3.org/2001/XMLSchema#string"},{"name":"timestamp","title":"timestamp","type":"string","rdfType":"http://www.w3.org/2001/XMLSchema#string"}]},"path":"data/bracket_04.csv","format":"csv"},{"name":"bracket_05","schema":{"fields":[{"name":"team_id","title":"team_id","type":"integer","rdfType":"http://www.w3.org/2001/XMLSchema#integer"},{"name":"team_name","title":"team_name","type":"string","rdfType":"http://www.w3.org/2001/XMLSchema#string"},{"name":"team_seed","title":"team_seed","type":"integer","rdfType":"http://www.w3.org/2001/XMLSchema#integer"},{"name":"team_region","title":"team_region","type":"string","rdfType":"http://www.w3.org/2001/XMLSchema#string"},{"name":"playin_flag","title":"playin_flag","type":"string","rdfType":"http://www.w3.org/2001/XMLSchema#string"},{"name":"team_alive","title":"team_alive","type":"boolean","rdfType":"http://www.w3.org/2001/XMLSchema#boolean"},{"name":"rd1_win","title":"rd1_win","type":"boolean","rdfType":"http://www.w3.org/2001/XMLSchema#boolean"},{"name":"rd2_win","title":"rd2_win","type":"number","rdfType":"http://www.w3.org/2001/XMLSchema#decimal"},{"name":"rd3_win","title":"rd3_win","type":"number","rdfType":"http://www.w3.org/2001/XMLSchema#decimal"},{"name":"rd4_win","title":"rd4_win","type":"number","rdfType":"http://www.w3.org/2001/XMLSchema#decimal"},{"name":"rd5_win","title":"rd5_win","type":"number","rdfType":"http://www.w3.org/2001/XMLSchema#decimal"},{"name":"rd6_win","title":"rd6_win","type":"number","rdfType":"http://www.w3.org/2001/XMLSchema#decimal"},{"name":"rd7_win","title":"rd7_win","type":"number","rdfType":"http://www.w3.org/2001/XMLSchema#decimal"},{"name":"win_odds","title":"win_odds","type":"string","rdfType":"http://www.w3.org/2001/XMLSchema#string"},{"name":"timestamp","title":"timestamp","type":"string","rdfType":"http://www.w3.org/2001/XMLSchema#string"}]},"path":"data/bracket_05.csv","format":"csv"},{"name":"bracket_06","schema":{"fields":[{"name":"team_id","title":"team_id","type":"integer","rdfType":"http://www.w3.org/2001/XMLSchema#integer"},{"name":"team_name","title":"team_name","type":"string","rdfType":"http://www.w3.org/2001/XMLSchema#string"},{"name":"team_seed","title":"team_seed","type":"integer","rdfType":"http://www.w3.org/2001/XMLSchema#integer"},{"name":"team_region","title":"team_region","type":"string","rdfType":"http://www.w3.org/2001/XMLSchema#string"},{"name":"playin_flag","title":"playin_flag","type":"string","rdfType":"http://www.w3.org/2001/XMLSchema#string"},{"name":"team_alive","title":"team_alive","type":"boolean","rdfType":"http://www.w3.org/2001/XMLSchema#boolean"},{"name":"rd1_win","title":"rd1_win","type":"boolean","rdfType":"http://www.w3.org/2001/XMLSchema#boolean"},{"name":"rd2_win","title":"rd2_win","type":"number","rdfType":"http://www.w3.org/2001/XMLSchema#decimal"},{"name":"rd3_win","title":"rd3_win","type":"number","rdfType":"http://www.w3.org/2001/XMLSchema#decimal"},{"name":"rd4_win","title":"rd4_win","type":"number","rdfType":"http://www.w3.org/2001/XMLSchema#decimal"},{"name":"rd5_win","title":"rd5_win","type":"number","rdfType":"http://www.w3.org/2001/XMLSchema#decimal"},{"name":"rd6_win","title":"rd6_win","type":"number","rdfType":"http://www.w3.org/2001/XMLSchema#decimal"},{"name":"rd7_win","title":"rd7_win","type":"number","rdfType":"http://www.w3.org/2001/XMLSchema#decimal"},{"name":"win_odds","title":"win_odds","type":"string","rdfType":"http://www.w3.org/2001/XMLSchema#string"},{"name":"timestamp","title":"timestamp","type":"string","rdfType":"http://www.w3.org/2001/XMLSchema#string"}]},"path":"data/bracket_06.csv","format":"csv"},{"name":"bracket_07","schema":{"fields":[{"name":"team_id","title":"team_id","type":"integer","rdfType":"http://www.w3.org/2001/XMLSchema#integer"},{"name":"team_name","title":"team_name","type":"string","rdfType":"http://www.w3.org/2001/XMLSchema#string"},{"name":"team_seed","title":"team_seed","type":"integer","rdfType":"http://www.w3.org/2001/XMLSchema#integer"},{"name":"team_region","title":"team_region","type":"string","rdfType":"http://www.w3.org/2001/XMLSchema#string"},{"name":"playin_flag","title":"playin_flag","type":"string","rdfType":"http://www.w3.org/2001/XMLSchema#string"},{"name":"team_alive","title":"team_alive","type":"boolean","rdfType":"http://www.w3.org/2001/XMLSchema#boolean"},{"name":"rd1_win","title":"rd1_win","type":"boolean","rdfType":"http://www.w3.org/2001/XMLSchema#boolean"},{"name":"rd2_win","title":"rd2_win","type":"number","rdfType":"http://www.w3.org/2001/XMLSchema#decimal"},{"name":"rd3_win","title":"rd3_win","type":"number","rdfType":"http://www.w3.org/2001/XMLSchema#decimal"},{"name":"rd4_win","title":"rd4_win","type":"number","rdfType":"http://www.w3.org/2001/XMLSchema#decimal"},{"name":"rd5_win","title":"rd5_win","type":"number","rdfType":"http://www.w3.org/2001/XMLSchema#decimal"},{"name":"rd6_win","title":"rd6_win","type":"number","rdfType":"http://www.w3.org/2001/XMLSchema#decimal"},{"name":"rd7_win","title":"rd7_win","type":"number","rdfType":"http://www.w3.org/2001/XMLSchema#decimal"},{"name":"win_odds","title":"win_odds","type":"string","rdfType":"http://www.w3.org/2001/XMLSchema#string"},{"name":"timestamp","title":"timestamp","type":"string","rdfType":"http://www.w3.org/2001/XMLSchema#string"}]},"path":"data/bracket_07.csv","format":"csv"},{"name":"bracket_08","schema":{"fields":[{"name":"team_id","title":"team_id","type":"integer","rdfType":"http://www.w3.org/2001/XMLSchema#integer"},{"name":"team_name","title":"team_name","type":"string","rdfType":"http://www.w3.org/2001/XMLSchema#string"},{"name":"team_seed","title":"team_seed","type":"integer","rdfType":"http://www.w3.org/2001/XMLSchema#integer"},{"name":"team_region","title":"team_region","type":"string","rdfType":"http://www.w3.org/2001/XMLSchema#string"},{"name":"playin_flag","title":"playin_flag","type":"string","rdfType":"http://www.w3.org/2001/XMLSchema#string"},{"name":"team_alive","title":"team_alive","type":"boolean","rdfType":"http://www.w3.org/2001/XMLSchema#boolean"},{"name":"rd1_win","title":"rd1_win","type":"boolean","rdfType":"http://www.w3.org/2001/XMLSchema#boolean"},{"name":"rd2_win","title":"rd2_win","type":"number","rdfType":"http://www.w3.org/2001/XMLSchema#decimal"},{"name":"rd3_win","title":"rd3_win","type":"number","rdfType":"http://www.w3.org/2001/XMLSchema#decimal"},{"name":"rd4_win","title":"rd4_win","type":"number","rdfType":"http://www.w3.org/2001/XMLSchema#decimal"},{"name":"rd5_win","title":"rd5_win","type":"number","rdfType":"http://www.w3.org/2001/XMLSchema#decimal"},{"name":"rd6_win","title":"rd6_win","type":"number","rdfType":"http://www.w3.org/2001/XMLSchema#decimal"},{"name":"rd7_win","title":"rd7_win","type":"number","rdfType":"http://www.w3.org/2001/XMLSchema#decimal"},{"name":"win_odds","title":"win_odds","type":"string","rdfType":"http://www.w3.org/2001/XMLSchema#string"},{"name":"timestamp","title":"timestamp","type":"string","rdfType":"http://www.w3.org/2001/XMLSchema#string"}]},"path":"data/bracket_08.csv","format":"csv"},{"name":"bracket_09","schema":{"fields":[{"name":"team_id","title":"team_id","type":"integer","rdfType":"http://www.w3.org/2001/XMLSchema#integer"},{"name":"team_name","title":"team_name","type":"string","rdfType":"http://www.w3.org/2001/XMLSchema#string"},{"name":"team_seed","title":"team_seed","type":"integer","rdfType":"http://www.w3.org/2001/XMLSchema#integer"},{"name":"team_region","title":"team_region","type":"string","rdfType":"http://www.w3.org/2001/XMLSchema#string"},{"name":"playin_flag","title":"playin_flag","type":"string","rdfType":"http://www.w3.org/2001/XMLSchema#string"},{"name":"team_alive","title":"team_alive","type":"boolean","rdfType":"http://www.w3.org/2001/XMLSchema#boolean"},{"name":"rd1_win","title":"rd1_win","type":"boolean","rdfType":"http://www.w3.org/2001/XMLSchema#boolean"},{"name":"rd2_win","title":"rd2_win","type":"number","rdfType":"http://www.w3.org/2001/XMLSchema#decimal"},{"name":"rd3_win","title":"rd3_win","type":"number","rdfType":"http://www.w3.org/2001/XMLSchema#decimal"},{"name":"rd4_win","title":"rd4_win","type":"number","rdfType":"http://www.w3.org/2001/XMLSchema#decimal"},{"name":"rd5_win","title":"rd5_win","type":"number","rdfType":"http://www.w3.org/2001/XMLSchema#decimal"},{"name":"rd6_win","title":"rd6_win","type":"number","rdfType":"http://www.w3.org/2001/XMLSchema#decimal"},{"name":"rd7_win","title":"rd7_win","type":"number","rdfType":"http://www.w3.org/2001/XMLSchema#decimal"},{"name":"win_odds","title":"win_odds","type":"string","rdfType":"http://www.w3.org/2001/XMLSchema#string"},{"name":"timestamp","title":"timestamp","type":"string","rdfType":"http://www.w3.org/2001/XMLSchema#string"}]},"path":"data/bracket_09.csv","format":"csv"},{"name":"bracket_10","schema":{"fields":[{"name":"team_id","title":"team_id","type":"integer","rdfType":"http://www.w3.org/2001/XMLSchema#integer"},{"name":"team_name","title":"team_name","type":"string","rdfType":"http://www.w3.org/2001/XMLSchema#string"},{"name":"team_seed","title":"team_seed","type":"integer","rdfType":"http://www.w3.org/2001/XMLSchema#integer"},{"name":"team_region","title":"team_region","type":"string","rdfType":"http://www.w3.org/2001/XMLSchema#string"},{"name":"playin_flag","title":"playin_flag","type":"string","rdfType":"http://www.w3.org/2001/XMLSchema#string"},{"name":"team_alive","title":"team_alive","type":"boolean","rdfType":"http://www.w3.org/2001/XMLSchema#boolean"},{"name":"rd1_win","title":"rd1_win","type":"boolean","rdfType":"http://www.w3.org/2001/XMLSchema#boolean"},{"name":"rd2_win","title":"rd2_win","type":"number","rdfType":"http://www.w3.org/2001/XMLSchema#decimal"},{"name":"rd3_win","title":"rd3_win","type":"number","rdfType":"http://www.w3.org/2001/XMLSchema#decimal"},{"name":"rd4_win","title":"rd4_win","type":"number","rdfType":"http://www.w3.org/2001/XMLSchema#decimal"},{"name":"rd5_win","title":"rd5_win","type":"number","rdfType":"http://www.w3.org/2001/XMLSchema#decimal"},{"name":"rd6_win","title":"rd6_win","type":"number","rdfType":"http://www.w3.org/2001/XMLSchema#decimal"},{"name":"rd7_win","title":"rd7_win","type":"number","rdfType":"http://www.w3.org/2001/XMLSchema#decimal"},{"name":"win_odds","title":"win_odds","type":"string","rdfType":"http://www.w3.org/2001/XMLSchema#string"},{"name":"timestamp","title":"timestamp","type":"string","rdfType":"http://www.w3.org/2001/XMLSchema#string"}]},"path":"data/bracket_10.csv","format":"csv"},{"name":"bracket_11","schema":{"fields":[{"name":"team_id","title":"team_id","type":"integer","rdfType":"http://www.w3.org/2001/XMLSchema#integer"},{"name":"team_name","title":"team_name","type":"string","rdfType":"http://www.w3.org/2001/XMLSchema#string"},{"name":"team_seed","title":"team_seed","type":"integer","rdfType":"http://www.w3.org/2001/XMLSchema#integer"},{"name":"team_region","title":"team_region","type":"string","rdfType":"http://www.w3.org/2001/XMLSchema#string"},{"name":"playin_flag","title":"playin_flag","type":"string","rdfType":"http://www.w3.org/2001/XMLSchema#string"},{"name":"team_alive","title":"team_alive","type":"boolean","rdfType":"http://www.w3.org/2001/XMLSchema#boolean"},{"name":"rd1_win","title":"rd1_win","type":"boolean","rdfType":"http://www.w3.org/2001/XMLSchema#boolean"},{"name":"rd2_win","title":"rd2_win","type":"number","rdfType":"http://www.w3.org/2001/XMLSchema#decimal"},{"name":"rd3_win","title":"rd3_win","type":"number","rdfType":"http://www.w3.org/2001/XMLSchema#decimal"},{"name":"rd4_win","title":"rd4_win","type":"number","rdfType":"http://www.w3.org/2001/XMLSchema#decimal"},{"name":"rd5_win","title":"rd5_win","type":"number","rdfType":"http://www.w3.org/2001/XMLSchema#decimal"},{"name":"rd6_win","title":"rd6_win","type":"number","rdfType":"http://www.w3.org/2001/XMLSchema#decimal"},{"name":"rd7_win","title":"rd7_win","type":"number","rdfType":"http://www.w3.org/2001/XMLSchema#decimal"},{"name":"win_odds","title":"win_odds","type":"string","rdfType":"http://www.w3.org/2001/XMLSchema#string"},{"name":"timestamp","title":"timestamp","type":"string","rdfType":"http://www.w3.org/2001/XMLSchema#string"}]},"path":"data/bracket_11.csv","format":"csv"},{"name":"bracket_12","schema":{"fields":[{"name":"team_id","title":"team_id","type":"integer","rdfType":"http://www.w3.org/2001/XMLSchema#integer"},{"name":"team_name","title":"team_name","type":"string","rdfType":"http://www.w3.org/2001/XMLSchema#string"},{"name":"team_seed","title":"team_seed","type":"integer","rdfType":"http://www.w3.org/2001/XMLSchema#integer"},{"name":"team_region","title":"team_region","type":"string","rdfType":"http://www.w3.org/2001/XMLSchema#string"},{"name":"playin_flag","title":"playin_flag","type":"string","rdfType":"http://www.w3.org/2001/XMLSchema#string"},{"name":"team_alive","title":"team_alive","type":"boolean","rdfType":"http://www.w3.org/2001/XMLSchema#boolean"},{"name":"rd1_win","title":"rd1_win","type":"boolean","rdfType":"http://www.w3.org/2001/XMLSchema#boolean"},{"name":"rd2_win","title":"rd2_win","type":"boolean","rdfType":"http://www.w3.org/2001/XMLSchema#boolean"},{"name":"rd3_win","title":"rd3_win","type":"number","rdfType":"http://www.w3.org/2001/XMLSchema#decimal"},{"name":"rd4_win","title":"rd4_win","type":"number","rdfType":"http://www.w3.org/2001/XMLSchema#decimal"},{"name":"rd5_win","title":"rd5_win","type":"number","rdfType":"http://www.w3.org/2001/XMLSchema#decimal"},{"name":"rd6_win","title":"rd6_win","type":"number","rdfType":"http://www.w3.org/2001/XMLSchema#decimal"},{"name":"rd7_win","title":"rd7_win","type":"number","rdfType":"http://www.w3.org/2001/XMLSchema#decimal"},{"name":"win_odds","title":"win_odds","type":"string","rdfType":"http://www.w3.org/2001/XMLSchema#string"},{"name":"timestamp","title":"timestamp","type":"string","rdfType":"http://www.w3.org/2001/XMLSchema#string"}]},"path":"data/bracket_12.csv","format":"csv"},{"name":"bracket_13","schema":{"fields":[{"name":"team_id","title":"team_id","type":"integer","rdfType":"http://www.w3.org/2001/XMLSchema#integer"},{"name":"team_name","title":"team_name","type":"string","rdfType":"http://www.w3.org/2001/XMLSchema#string"},{"name":"team_seed","title":"team_seed","type":"integer","rdfType":"http://www.w3.org/2001/XMLSchema#integer"},{"name":"team_region","title":"team_region","type":"string","rdfType":"http://www.w3.org/2001/XMLSchema#string"},{"name":"playin_flag","title":"playin_flag","type":"string","rdfType":"http://www.w3.org/2001/XMLSchema#string"},{"name":"team_alive","title":"team_alive","type":"boolean","rdfType":"http://www.w3.org/2001/XMLSchema#boolean"},{"name":"rd1_win","title":"rd1_win","type":"boolean","rdfType":"http://www.w3.org/2001/XMLSchema#boolean"},{"name":"rd2_win","title":"rd2_win","type":"boolean","rdfType":"http://www.w3.org/2001/XMLSchema#boolean"},{"name":"rd3_win","title":"rd3_win","type":"number","rdfType":"http://www.w3.org/2001/XMLSchema#decimal"},{"name":"rd4_win","title":"rd4_win","type":"number","rdfType":"http://www.w3.org/2001/XMLSchema#decimal"},{"name":"rd5_win","title":"rd5_win","type":"number","rdfType":"http://www.w3.org/2001/XMLSchema#decimal"},{"name":"rd6_win","title":"rd6_win","type":"number","rdfType":"http://www.w3.org/2001/XMLSchema#decimal"},{"name":"rd7_win","title":"rd7_win","type":"number","rdfType":"http://www.w3.org/2001/XMLSchema#decimal"},{"name":"win_odds","title":"win_odds","type":"string","rdfType":"http://www.w3.org/2001/XMLSchema#string"},{"name":"timestamp","title":"timestamp","type":"string","rdfType":"http://www.w3.org/2001/XMLSchema#string"}]},"path":"data/bracket_13.csv","format":"csv"},{"name":"bracket_14","schema":{"fields":[{"name":"team_id","title":"team_id","type":"integer","rdfType":"http://www.w3.org/2001/XMLSchema#integer"},{"name":"team_name","title":"team_name","type":"string","rdfType":"http://www.w3.org/2001/XMLSchema#string"},{"name":"team_seed","title":"team_seed","type":"integer","rdfType":"http://www.w3.org/2001/XMLSchema#integer"},{"name":"team_region","title":"team_region","type":"string","rdfType":"http://www.w3.org/2001/XMLSchema#string"},{"name":"playin_flag","title":"playin_flag","type":"string","rdfType":"http://www.w3.org/2001/XMLSchema#string"},{"name":"team_alive","title":"team_alive","type":"boolean","rdfType":"http://www.w3.org/2001/XMLSchema#boolean"},{"name":"rd1_win","title":"rd1_win","type":"boolean","rdfType":"http://www.w3.org/2001/XMLSchema#boolean"},{"name":"rd2_win","title":"rd2_win","type":"boolean","rdfType":"http://www.w3.org/2001/XMLSchema#boolean"},{"name":"rd3_win","title":"rd3_win","type":"number","rdfType":"http://www.w3.org/2001/XMLSchema#decimal"},{"name":"rd4_win","title":"rd4_win","type":"number","rdfType":"http://www.w3.org/2001/XMLSchema#decimal"},{"name":"rd5_win","title":"rd5_win","type":"number","rdfType":"http://www.w3.org/2001/XMLSchema#decimal"},{"name":"rd6_win","title":"rd6_win","type":"number","rdfType":"http://www.w3.org/2001/XMLSchema#decimal"},{"name":"rd7_win","title":"rd7_win","type":"number","rdfType":"http://www.w3.org/2001/XMLSchema#decimal"},{"name":"win_odds","title":"win_odds","type":"string","rdfType":"http://www.w3.org/2001/XMLSchema#string"},{"name":"timestamp","title":"timestamp","type":"string","rdfType":"http://www.w3.org/2001/XMLSchema#string"}]},"path":"data/bracket_14.csv","format":"csv"},{"name":"bracket_15","schema":{"fields":[{"name":"team_id","title":"team_id","type":"integer","rdfType":"http://www.w3.org/2001/XMLSchema#integer"},{"name":"team_name","title":"team_name","type":"string","rdfType":"http://www.w3.org/2001/XMLSchema#string"},{"name":"team_seed","title":"team_seed","type":"integer","rdfType":"http://www.w3.org/2001/XMLSchema#integer"},{"name":"team_region","title":"team_region","type":"string","rdfType":"http://www.w3.org/2001/XMLSchema#string"},{"name":"playin_flag","title":"playin_flag","type":"string","rdfType":"http://www.w3.org/2001/XMLSchema#string"},{"name":"team_alive","title":"team_alive","type":"boolean","rdfType":"http://www.w3.org/2001/XMLSchema#boolean"},{"name":"rd1_win","title":"rd1_win","type":"boolean","rdfType":"http://www.w3.org/2001/XMLSchema#boolean"},{"name":"rd2_win","title":"rd2_win","type":"boolean","rdfType":"http://www.w3.org/2001/XMLSchema#boolean"},{"name":"rd3_win","title":"rd3_win","type":"number","rdfType":"http://www.w3.org/2001/XMLSchema#decimal"},{"name":"rd4_win","title":"rd4_win","type":"number","rdfType":"http://www.w3.org/2001/XMLSchema#decimal"},{"name":"rd5_win","title":"rd5_win","type":"number","rdfType":"http://www.w3.org/2001/XMLSchema#decimal"},{"name":"rd6_win","title":"rd6_win","type":"number","rdfType":"http://www.w3.org/2001/XMLSchema#decimal"},{"name":"rd7_win","title":"rd7_win","type":"number","rdfType":"http://www.w3.org/2001/XMLSchema#decimal"},{"name":"win_odds","title":"win_odds","type":"string","rdfType":"http://www.w3.org/2001/XMLSchema#string"},{"name":"timestamp","title":"timestamp","type":"string","rdfType":"http://www.w3.org/2001/XMLSchema#string"}]},"path":"data/bracket_15.csv","format":"csv"},{"name":"bracket_16","schema":{"fields":[{"name":"team_id","title":"team_id","type":"integer","rdfType":"http://www.w3.org/2001/XMLSchema#integer"},{"name":"team_name","title":"team_name","type":"string","rdfType":"http://www.w3.org/2001/XMLSchema#string"},{"name":"team_seed","title":"team_seed","type":"integer","rdfType":"http://www.w3.org/2001/XMLSchema#integer"},{"name":"team_region","title":"team_region","type":"string","rdfType":"http://www.w3.org/2001/XMLSchema#string"},{"name":"playin_flag","title":"playin_flag","type":"string","rdfType":"http://www.w3.org/2001/XMLSchema#string"},{"name":"team_alive","title":"team_alive","type":"boolean","rdfType":"http://www.w3.org/2001/XMLSchema#boolean"},{"name":"rd1_win","title":"rd1_win","type":"boolean","rdfType":"http://www.w3.org/2001/XMLSchema#boolean"},{"name":"rd2_win","title":"rd2_win","type":"boolean","rdfType":"http://www.w3.org/2001/XMLSchema#boolean"},{"name":"rd3_win","title":"rd3_win","type":"number","rdfType":"http://www.w3.org/2001/XMLSchema#decimal"},{"name":"rd4_win","title":"rd4_win","type":"number","rdfType":"http://www.w3.org/2001/XMLSchema#decimal"},{"name":"rd5_win","title":"rd5_win","type":"number","rdfType":"http://www.w3.org/2001/XMLSchema#decimal"},{"name":"rd6_win","title":"rd6_win","type":"number","rdfType":"http://www.w3.org/2001/XMLSchema#decimal"},{"name":"rd7_win","title":"rd7_win","type":"number","rdfType":"http://www.w3.org/2001/XMLSchema#decimal"},{"name":"win_odds","title":"win_odds","type":"string","rdfType":"http://www.w3.org/2001/XMLSchema#string"},{"name":"timestamp","title":"timestamp","type":"string","rdfType":"http://www.w3.org/2001/XMLSchema#string"}]},"path":"data/bracket_16.csv","format":"csv"},{"name":"bracket_17","schema":{"fields":[{"name":"team_id","title":"team_id","type":"integer","rdfType":"http://www.w3.org/2001/XMLSchema#integer"},{"name":"team_name","title":"team_name","type":"string","rdfType":"http://www.w3.org/2001/XMLSchema#string"},{"name":"team_seed","title":"team_seed","type":"integer","rdfType":"http://www.w3.org/2001/XMLSchema#integer"},{"name":"team_region","title":"team_region","type":"string","rdfType":"http://www.w3.org/2001/XMLSchema#string"},{"name":"playin_flag","title":"playin_flag","type":"string","rdfType":"http://www.w3.org/2001/XMLSchema#string"},{"name":"team_alive","title":"team_alive","type":"boolean","rdfType":"http://www.w3.org/2001/XMLSchema#boolean"},{"name":"rd1_win","title":"rd1_win","type":"boolean","rdfType":"http://www.w3.org/2001/XMLSchema#boolean"},{"name":"rd2_win","title":"rd2_win","type":"boolean","rdfType":"http://www.w3.org/2001/XMLSchema#boolean"},{"name":"rd3_win","title":"rd3_win","type":"number","rdfType":"http://www.w3.org/2001/XMLSchema#decimal"},{"name":"rd4_win","title":"rd4_win","type":"number","rdfType":"http://www.w3.org/2001/XMLSchema#decimal"},{"name":"rd5_win","title":"rd5_win","type":"number","rdfType":"http://www.w3.org/2001/XMLSchema#decimal"},{"name":"rd6_win","title":"rd6_win","type":"number","rdfType":"http://www.w3.org/2001/XMLSchema#decimal"},{"name":"rd7_win","title":"rd7_win","type":"number","rdfType":"http://www.w3.org/2001/XMLSchema#decimal"},{"name":"win_odds","title":"win_odds","type":"string","rdfType":"http://www.w3.org/2001/XMLSchema#string"},{"name":"timestamp","title":"timestamp","type":"string","rdfType":"http://www.w3.org/2001/XMLSchema#string"}]},"path":"data/bracket_17.csv","format":"csv"},{"name":"bracket_18","schema":{"fields":[{"name":"team_id","title":"team_id","type":"integer","rdfType":"http://www.w3.org/2001/XMLSchema#integer"},{"name":"team_name","title":"team_name","type":"string","rdfType":"http://www.w3.org/2001/XMLSchema#string"},{"name":"team_seed","title":"team_seed","type":"integer","rdfType":"http://www.w3.org/2001/XMLSchema#integer"},{"name":"team_region","title":"team_region","type":"string","rdfType":"http://www.w3.org/2001/XMLSchema#string"},{"name":"playin_flag","title":"playin_flag","type":"string","rdfType":"http://www.w3.org/2001/XMLSchema#string"},{"name":"team_alive","title":"team_alive","type":"boolean","rdfType":"http://www.w3.org/2001/XMLSchema#boolean"},{"name":"rd1_win","title":"rd1_win","type":"boolean","rdfType":"http://www.w3.org/2001/XMLSchema#boolean"},{"name":"rd2_win","title":"rd2_win","type":"boolean","rdfType":"http://www.w3.org/2001/XMLSchema#boolean"},{"name":"rd3_win","title":"rd3_win","type":"number","rdfType":"http://www.w3.org/2001/XMLSchema#decimal"},{"name":"rd4_win","title":"rd4_win","type":"number","rdfType":"http://www.w3.org/2001/XMLSchema#decimal"},{"name":"rd5_win","title":"rd5_win","type":"number","rdfType":"http://www.w3.org/2001/XMLSchema#decimal"},{"name":"rd6_win","title":"rd6_win","type":"number","rdfType":"http://www.w3.org/2001/XMLSchema#decimal"},{"name":"rd7_win","title":"rd7_win","type":"number","rdfType":"http://www.w3.org/2001/XMLSchema#decimal"},{"name":"win_odds","title":"win_odds","type":"string","rdfType":"http://www.w3.org/2001/XMLSchema#string"},{"name":"timestamp","title":"timestamp","type":"string","rdfType":"http://www.w3.org/2001/XMLSchema#string"}]},"path":"data/bracket_18.csv","format":"csv"},{"name":"bracket_19","schema":{"fields":[{"name":"team_id","title":"team_id","type":"integer","rdfType":"http://www.w3.org/2001/XMLSchema#integer"},{"name":"team_name","title":"team_name","type":"string","rdfType":"http://www.w3.org/2001/XMLSchema#string"},{"name":"team_seed","title":"team_seed","type":"integer","rdfType":"http://www.w3.org/2001/XMLSchema#integer"},{"name":"team_region","title":"team_region","type":"string","rdfType":"http://www.w3.org/2001/XMLSchema#string"},{"name":"playin_flag","title":"playin_flag","type":"string","rdfType":"http://www.w3.org/2001/XMLSchema#string"},{"name":"team_alive","title":"team_alive","type":"boolean","rdfType":"http://www.w3.org/2001/XMLSchema#boolean"},{"name":"rd1_win","title":"rd1_win","type":"boolean","rdfType":"http://www.w3.org/2001/XMLSchema#boolean"},{"name":"rd2_win","title":"rd2_win","type":"boolean","rdfType":"http://www.w3.org/2001/XMLSchema#boolean"},{"name":"rd3_win","title":"rd3_win","type":"boolean","rdfType":"http://www.w3.org/2001/XMLSchema#boolean"},{"name":"rd4_win","title":"rd4_win","type":"number","rdfType":"http://www.w3.org/2001/XMLSchema#decimal"},{"name":"rd5_win","title":"rd5_win","type":"number","rdfType":"http://www.w3.org/2001/XMLSchema#decimal"},{"name":"rd6_win","title":"rd6_win","type":"number","rdfType":"http://www.w3.org/2001/XMLSchema#decimal"},{"name":"rd7_win","title":"rd7_win","type":"number","rdfType":"http://www.w3.org/2001/XMLSchema#decimal"},{"name":"win_odds","title":"win_odds","type":"string","rdfType":"http://www.w3.org/2001/XMLSchema#string"},{"name":"timestamp","title":"timestamp","type":"string","rdfType":"http://www.w3.org/2001/XMLSchema#string"}]},"path":"data/bracket_19.csv","format":"csv"},{"name":"bracket_20","schema":{"fields":[{"name":"team_id","title":"team_id","type":"integer","rdfType":"http://www.w3.org/2001/XMLSchema#integer"},{"name":"team_name","title":"team_name","type":"string","rdfType":"http://www.w3.org/2001/XMLSchema#string"},{"name":"team_seed","title":"team_seed","type":"integer","rdfType":"http://www.w3.org/2001/XMLSchema#integer"},{"name":"team_region","title":"team_region","type":"string","rdfType":"http://www.w3.org/2001/XMLSchema#string"},{"name":"playin_flag","title":"playin_flag","type":"string","rdfType":"http://www.w3.org/2001/XMLSchema#string"},{"name":"team_alive","title":"team_alive","type":"boolean","rdfType":"http://www.w3.org/2001/XMLSchema#boolean"},{"name":"rd1_win","title":"rd1_win","type":"boolean","rdfType":"http://www.w3.org/2001/XMLSchema#boolean"},{"name":"rd2_win","title":"rd2_win","type":"boolean","rdfType":"http://www.w3.org/2001/XMLSchema#boolean"},{"name":"rd3_win","title":"rd3_win","type":"boolean","rdfType":"http://www.w3.org/2001/XMLSchema#boolean"},{"name":"rd4_win","title":"rd4_win","type":"number","rdfType":"http://www.w3.org/2001/XMLSchema#decimal"},{"name":"rd5_win","title":"rd5_win","type":"number","rdfType":"http://www.w3.org/2001/XMLSchema#decimal"},{"name":"rd6_win","title":"rd6_win","type":"number","rdfType":"http://www.w3.org/2001/XMLSchema#decimal"},{"name":"rd7_win","title":"rd7_win","type":"number","rdfType":"http://www.w3.org/2001/XMLSchema#decimal"},{"name":"win_odds","title":"win_odds","type":"string","rdfType":"http://www.w3.org/2001/XMLSchema#string"},{"name":"timestamp","title":"timestamp","type":"string","rdfType":"http://www.w3.org/2001/XMLSchema#string"}]},"path":"data/bracket_20.csv","format":"csv"},{"name":"bracket_21","schema":{"fields":[{"name":"team_id","title":"team_id","type":"integer","rdfType":"http://www.w3.org/2001/XMLSchema#integer"},{"name":"team_name","title":"team_name","type":"string","rdfType":"http://www.w3.org/2001/XMLSchema#string"},{"name":"team_seed","title":"team_seed","type":"integer","rdfType":"http://www.w3.org/2001/XMLSchema#integer"},{"name":"team_region","title":"team_region","type":"string","rdfType":"http://www.w3.org/2001/XMLSchema#string"},{"name":"playin_flag","title":"playin_flag","type":"string","rdfType":"http://www.w3.org/2001/XMLSchema#string"},{"name":"team_alive","title":"team_alive","type":"boolean","rdfType":"http://www.w3.org/2001/XMLSchema#boolean"},{"name":"rd1_win","title":"rd1_win","type":"boolean","rdfType":"http://www.w3.org/2001/XMLSchema#boolean"},{"name":"rd2_win","title":"rd2_win","type":"boolean","rdfType":"http://www.w3.org/2001/XMLSchema#boolean"},{"name":"rd3_win","title":"rd3_win","type":"boolean","rdfType":"http://www.w3.org/2001/XMLSchema#boolean"},{"name":"rd4_win","title":"rd4_win","type":"number","rdfType":"http://www.w3.org/2001/XMLSchema#decimal"},{"name":"rd5_win","title":"rd5_win","type":"number","rdfType":"http://www.w3.org/2001/XMLSchema#decimal"},{"name":"rd6_win","title":"rd6_win","type":"number","rdfType":"http://www.w3.org/2001/XMLSchema#decimal"},{"name":"rd7_win","title":"rd7_win","type":"number","rdfType":"http://www.w3.org/2001/XMLSchema#decimal"},{"name":"win_odds","title":"win_odds","type":"string","rdfType":"http://www.w3.org/2001/XMLSchema#string"},{"name":"timestamp","title":"timestamp","type":"string","rdfType":"http://www.w3.org/2001/XMLSchema#string"}]},"path":"data/bracket_21.csv","format":"csv"},{"name":"bracket_22","schema":{"fields":[{"name":"team_id","title":"team_id","type":"integer","rdfType":"http://www.w3.org/2001/XMLSchema#integer"},{"name":"team_name","title":"team_name","type":"string","rdfType":"http://www.w3.org/2001/XMLSchema#string"},{"name":"team_seed","title":"team_seed","type":"integer","rdfType":"http://www.w3.org/2001/XMLSchema#integer"},{"name":"team_region","title":"team_region","type":"string","rdfType":"http://www.w3.org/2001/XMLSchema#string"},{"name":"playin_flag","title":"playin_flag","type":"string","rdfType":"http://www.w3.org/2001/XMLSchema#string"},{"name":"team_alive","title":"team_alive","type":"boolean","rdfType":"http://www.w3.org/2001/XMLSchema#boolean"},{"name":"rd1_win","title":"rd1_win","type":"boolean","rdfType":"http://www.w3.org/2001/XMLSchema#boolean"},{"name":"rd2_win","title":"rd2_win","type":"boolean","rdfType":"http://www.w3.org/2001/XMLSchema#boolean"},{"name":"rd3_win","title":"rd3_win","type":"boolean","rdfType":"http://www.w3.org/2001/XMLSchema#boolean"},{"name":"rd4_win","title":"rd4_win","type":"number","rdfType":"http://www.w3.org/2001/XMLSchema#decimal"},{"name":"rd5_win","title":"rd5_win","type":"number","rdfType":"http://www.w3.org/2001/XMLSchema#decimal"},{"name":"rd6_win","title":"rd6_win","type":"number","rdfType":"http://www.w3.org/2001/XMLSchema#decimal"},{"name":"rd7_win","title":"rd7_win","type":"number","rdfType":"http://www.w3.org/2001/XMLSchema#decimal"},{"name":"win_odds","title":"win_odds","type":"string","rdfType":"http://www.w3.org/2001/XMLSchema#string"},{"name":"timestamp","title":"timestamp","type":"string","rdfType":"http://www.w3.org/2001/XMLSchema#string"}]},"path":"data/bracket_22.csv","format":"csv"},{"name":"bracket_23","schema":{"fields":[{"name":"team_id","title":"team_id","type":"integer","rdfType":"http://www.w3.org/2001/XMLSchema#integer"},{"name":"team_name","title":"team_name","type":"string","rdfType":"http://www.w3.org/2001/XMLSchema#string"},{"name":"team_seed","title":"team_seed","type":"integer","rdfType":"http://www.w3.org/2001/XMLSchema#integer"},{"name":"team_region","title":"team_region","type":"string","rdfType":"http://www.w3.org/2001/XMLSchema#string"},{"name":"playin_flag","title":"playin_flag","type":"string","rdfType":"http://www.w3.org/2001/XMLSchema#string"},{"name":"team_alive","title":"team_alive","type":"boolean","rdfType":"http://www.w3.org/2001/XMLSchema#boolean"},{"name":"rd1_win","title":"rd1_win","type":"boolean","rdfType":"http://www.w3.org/2001/XMLSchema#boolean"},{"name":"rd2_win","title":"rd2_win","type":"boolean","rdfType":"http://www.w3.org/2001/XMLSchema#boolean"},{"name":"rd3_win","title":"rd3_win","type":"boolean","rdfType":"http://www.w3.org/2001/XMLSchema#boolean"},{"name":"rd4_win","title":"rd4_win","type":"number","rdfType":"http://www.w3.org/2001/XMLSchema#decimal"},{"name":"rd5_win","title":"rd5_win","type":"number","rdfType":"http://www.w3.org/2001/XMLSchema#decimal"},{"name":"rd6_win","title":"rd6_win","type":"number","rdfType":"http://www.w3.org/2001/XMLSchema#decimal"},{"name":"rd7_win","title":"rd7_win","type":"number","rdfType":"http://www.w3.org/2001/XMLSchema#decimal"},{"name":"win_odds","title":"win_odds","type":"string","rdfType":"http://www.w3.org/2001/XMLSchema#string"},{"name":"timestamp","title":"timestamp","type":"string","rdfType":"http://www.w3.org/2001/XMLSchema#string"}]},"path":"data/bracket_23.csv","format":"csv"},{"name":"bracket_24","schema":{"fields":[{"name":"team_id","title":"team_id","type":"integer","rdfType":"http://www.w3.org/2001/XMLSchema#integer"},{"name":"team_name","title":"team_name","type":"string","rdfType":"http://www.w3.org/2001/XMLSchema#string"},{"name":"team_seed","title":"team_seed","type":"integer","rdfType":"http://www.w3.org/2001/XMLSchema#integer"},{"name":"team_region","title":"team_region","type":"string","rdfType":"http://www.w3.org/2001/XMLSchema#string"},{"name":"playin_flag","title":"playin_flag","type":"string","rdfType":"http://www.w3.org/2001/XMLSchema#string"},{"name":"team_alive","title":"team_alive","type":"boolean","rdfType":"http://www.w3.org/2001/XMLSchema#boolean"},{"name":"rd1_win","title":"rd1_win","type":"boolean","rdfType":"http://www.w3.org/2001/XMLSchema#boolean"},{"name":"rd2_win","title":"rd2_win","type":"boolean","rdfType":"http://www.w3.org/2001/XMLSchema#boolean"},{"name":"rd3_win","title":"rd3_win","type":"boolean","rdfType":"http://www.w3.org/2001/XMLSchema#boolean"},{"name":"rd4_win","title":"rd4_win","type":"number","rdfType":"http://www.w3.org/2001/XMLSchema#decimal"},{"name":"rd5_win","title":"rd5_win","type":"number","rdfType":"http://www.w3.org/2001/XMLSchema#decimal"},{"name":"rd6_win","title":"rd6_win","type":"number","rdfType":"http://www.w3.org/2001/XMLSchema#decimal"},{"name":"rd7_win","title":"rd7_win","type":"number","rdfType":"http://www.w3.org/2001/XMLSchema#decimal"},{"name":"win_odds","title":"win_odds","type":"string","rdfType":"http://www.w3.org/2001/XMLSchema#string"},{"name":"timestamp","title":"timestamp","type":"string","rdfType":"http://www.w3.org/2001/XMLSchema#string"}]},"path":"data/bracket_24.csv","format":"csv"},{"name":"bracket_25","schema":{"fields":[{"name":"team_id","title":"team_id","type":"integer","rdfType":"http://www.w3.org/2001/XMLSchema#integer"},{"name":"team_name","title":"team_name","type":"string","rdfType":"http://www.w3.org/2001/XMLSchema#string"},{"name":"team_seed","title":"team_seed","type":"integer","rdfType":"http://www.w3.org/2001/XMLSchema#integer"},{"name":"team_region","title":"team_region","type":"string","rdfType":"http://www.w3.org/2001/XMLSchema#string"},{"name":"playin_flag","title":"playin_flag","type":"string","rdfType":"http://www.w3.org/2001/XMLSchema#string"},{"name":"team_alive","title":"team_alive","type":"boolean","rdfType":"http://www.w3.org/2001/XMLSchema#boolean"},{"name":"rd1_win","title":"rd1_win","type":"boolean","rdfType":"http://www.w3.org/2001/XMLSchema#boolean"},{"name":"rd2_win","title":"rd2_win","type":"boolean","rdfType":"http://www.w3.org/2001/XMLSchema#boolean"},{"name":"rd3_win","title":"rd3_win","type":"boolean","rdfType":"http://www.w3.org/2001/XMLSchema#boolean"},{"name":"rd4_win","title":"rd4_win","type":"boolean","rdfType":"http://www.w3.org/2001/XMLSchema#boolean"},{"name":"rd5_win","title":"rd5_win","type":"number","rdfType":"http://www.w3.org/2001/XMLSchema#decimal"},{"name":"rd6_win","title":"rd6_win","type":"number","rdfType":"http://www.w3.org/2001/XMLSchema#decimal"},{"name":"rd7_win","title":"rd7_win","type":"number","rdfType":"http://www.w3.org/2001/XMLSchema#decimal"},{"name":"win_odds","title":"win_odds","type":"string","rdfType":"http://www.w3.org/2001/XMLSchema#string"},{"name":"timestamp","title":"timestamp","type":"string","rdfType":"http://www.w3.org/2001/XMLSchema#string"}]},"path":"data/bracket_25.csv","format":"csv"},{"name":"bracket_26","schema":{"fields":[{"name":"team_id","title":"team_id","type":"integer","rdfType":"http://www.w3.org/2001/XMLSchema#integer"},{"name":"team_name","title":"team_name","type":"string","rdfType":"http://www.w3.org/2001/XMLSchema#string"},{"name":"team_seed","title":"team_seed","type":"integer","rdfType":"http://www.w3.org/2001/XMLSchema#integer"},{"name":"team_region","title":"team_region","type":"string","rdfType":"http://www.w3.org/2001/XMLSchema#string"},{"name":"playin_flag","title":"playin_flag","type":"string","rdfType":"http://www.w3.org/2001/XMLSchema#string"},{"name":"team_alive","title":"team_alive","type":"boolean","rdfType":"http://www.w3.org/2001/XMLSchema#boolean"},{"name":"rd1_win","title":"rd1_win","type":"boolean","rdfType":"http://www.w3.org/2001/XMLSchema#boolean"},{"name":"rd2_win","title":"rd2_win","type":"boolean","rdfType":"http://www.w3.org/2001/XMLSchema#boolean"},{"name":"rd3_win","title":"rd3_win","type":"boolean","rdfType":"http://www.w3.org/2001/XMLSchema#boolean"},{"name":"rd4_win","title":"rd4_win","type":"boolean","rdfType":"http://www.w3.org/2001/XMLSchema#boolean"},{"name":"rd5_win","title":"rd5_win","type":"number","rdfType":"http://www.w3.org/2001/XMLSchema#decimal"},{"name":"rd6_win","title":"rd6_win","type":"number","rdfType":"http://www.w3.org/2001/XMLSchema#decimal"},{"name":"rd7_win","title":"rd7_win","type":"number","rdfType":"http://www.w3.org/2001/XMLSchema#decimal"},{"name":"win_odds","title":"win_odds","type":"string","rdfType":"http://www.w3.org/2001/XMLSchema#string"},{"name":"timestamp","title":"timestamp","type":"string","rdfType":"http://www.w3.org/2001/XMLSchema#string"}]},"path":"data/bracket_26.csv","format":"csv"},{"name":"bracket_27","schema":{"fields":[{"name":"team_id","title":"team_id","type":"integer","rdfType":"http://www.w3.org/2001/XMLSchema#integer"},{"name":"team_name","title":"team_name","type":"string","rdfType":"http://www.w3.org/2001/XMLSchema#string"},{"name":"team_seed","title":"team_seed","type":"integer","rdfType":"http://www.w3.org/2001/XMLSchema#integer"},{"name":"team_region","title":"team_region","type":"string","rdfType":"http://www.w3.org/2001/XMLSchema#string"},{"name":"playin_flag","title":"playin_flag","type":"string","rdfType":"http://www.w3.org/2001/XMLSchema#string"},{"name":"team_alive","title":"team_alive","type":"boolean","rdfType":"http://www.w3.org/2001/XMLSchema#boolean"},{"name":"rd1_win","title":"rd1_win","type":"boolean","rdfType":"http://www.w3.org/2001/XMLSchema#boolean"},{"name":"rd2_win","title":"rd2_win","type":"boolean","rdfType":"http://www.w3.org/2001/XMLSchema#boolean"},{"name":"rd3_win","title":"rd3_win","type":"boolean","rdfType":"http://www.w3.org/2001/XMLSchema#boolean"},{"name":"rd4_win","title":"rd4_win","type":"boolean","rdfType":"http://www.w3.org/2001/XMLSchema#boolean"},{"name":"rd5_win","title":"rd5_win","type":"number","rdfType":"http://www.w3.org/2001/XMLSchema#decimal"},{"name":"rd6_win","title":"rd6_win","type":"number","rdfType":"http://www.w3.org/2001/XMLSchema#decimal"},{"name":"rd7_win","title":"rd7_win","type":"number","rdfType":"http://www.w3.org/2001/XMLSchema#decimal"},{"name":"win_odds","title":"win_odds","type":"string","rdfType":"http://www.w3.org/2001/XMLSchema#string"},{"name":"timestamp","title":"timestamp","type":"string","rdfType":"http://www.w3.org/2001/XMLSchema#string"}]},"path":"data/bracket_27.csv","format":"csv"},{"name":"bracket_28","schema":{"fields":[{"name":"team_id","title":"team_id","type":"integer","rdfType":"http://www.w3.org/2001/XMLSchema#integer"},{"name":"team_name","title":"team_name","type":"string","rdfType":"http://www.w3.org/2001/XMLSchema#string"},{"name":"team_seed","title":"team_seed","type":"integer","rdfType":"http://www.w3.org/2001/XMLSchema#integer"},{"name":"team_region","title":"team_region","type":"string","rdfType":"http://www.w3.org/2001/XMLSchema#string"},{"name":"playin_flag","title":"playin_flag","type":"string","rdfType":"http://www.w3.org/2001/XMLSchema#string"},{"name":"team_alive","title":"team_alive","type":"boolean","rdfType":"http://www.w3.org/2001/XMLSchema#boolean"},{"name":"rd1_win","title":"rd1_win","type":"boolean","rdfType":"http://www.w3.org/2001/XMLSchema#boolean"},{"name":"rd2_win","title":"rd2_win","type":"boolean","rdfType":"http://www.w3.org/2001/XMLSchema#boolean"},{"name":"rd3_win","title":"rd3_win","type":"boolean","rdfType":"http://www.w3.org/2001/XMLSchema#boolean"},{"name":"rd4_win","title":"rd4_win","type":"boolean","rdfType":"http://www.w3.org/2001/XMLSchema#boolean"},{"name":"rd5_win","title":"rd5_win","type":"number","rdfType":"http://www.w3.org/2001/XMLSchema#decimal"},{"name":"rd6_win","title":"rd6_win","type":"number","rdfType":"http://www.w3.org/2001/XMLSchema#decimal"},{"name":"rd7_win","title":"rd7_win","type":"number","rdfType":"http://www.w3.org/2001/XMLSchema#decimal"},{"name":"win_odds","title":"win_odds","type":"string","rdfType":"http://www.w3.org/2001/XMLSchema#string"},{"name":"timestamp","title":"timestamp","type":"string","rdfType":"http://www.w3.org/2001/XMLSchema#string"}]},"path":"data/bracket_28.csv","format":"csv"},{"name":"bracket_29","schema":{"fields":[{"name":"team_id","title":"team_id","type":"integer","rdfType":"http://www.w3.org/2001/XMLSchema#integer"},{"name":"team_name","title":"team_name","type":"string","rdfType":"http://www.w3.org/2001/XMLSchema#string"},{"name":"team_seed","title":"team_seed","type":"integer","rdfType":"http://www.w3.org/2001/XMLSchema#integer"},{"name":"team_region","title":"team_region","type":"string","rdfType":"http://www.w3.org/2001/XMLSchema#string"},{"name":"playin_flag","title":"playin_flag","type":"string","rdfType":"http://www.w3.org/2001/XMLSchema#string"},{"name":"team_alive","title":"team_alive","type":"boolean","rdfType":"http://www.w3.org/2001/XMLSchema#boolean"},{"name":"rd1_win","title":"rd1_win","type":"boolean","rdfType":"http://www.w3.org/2001/XMLSchema#boolean"},{"name":"rd2_win","title":"rd2_win","type":"boolean","rdfType":"http://www.w3.org/2001/XMLSchema#boolean"},{"name":"rd3_win","title":"rd3_win","type":"boolean","rdfType":"http://www.w3.org/2001/XMLSchema#boolean"},{"name":"rd4_win","title":"rd4_win","type":"boolean","rdfType":"http://www.w3.org/2001/XMLSchema#boolean"},{"name":"rd5_win","title":"rd5_win","type":"boolean","rdfType":"http://www.w3.org/2001/XMLSchema#boolean"},{"name":"rd6_win","title":"rd6_win","type":"number","rdfType":"http://www.w3.org/2001/XMLSchema#decimal"},{"name":"rd7_win","title":"rd7_win","type":"number","rdfType":"http://www.w3.org/2001/XMLSchema#decimal"},{"name":"win_odds","title":"win_odds","type":"string","rdfType":"http://www.w3.org/2001/XMLSchema#string"},{"name":"timestamp","title":"timestamp","type":"string","rdfType":"http://www.w3.org/2001/XMLSchema#string"}]},"path":"data/bracket_29.csv","format":"csv"},{"name":"bracket_30","schema":{"fields":[{"name":"team_id","title":"team_id","type":"integer","rdfType":"http://www.w3.org/2001/XMLSchema#integer"},{"name":"team_name","title":"team_name","type":"string","rdfType":"http://www.w3.org/2001/XMLSchema#string"},{"name":"team_seed","title":"team_seed","type":"integer","rdfType":"http://www.w3.org/2001/XMLSchema#integer"},{"name":"team_region","title":"team_region","type":"string","rdfType":"http://www.w3.org/2001/XMLSchema#string"},{"name":"playin_flag","title":"playin_flag","type":"string","rdfType":"http://www.w3.org/2001/XMLSchema#string"},{"name":"team_alive","title":"team_alive","type":"boolean","rdfType":"http://www.w3.org/2001/XMLSchema#boolean"},{"name":"rd1_win","title":"rd1_win","type":"boolean","rdfType":"http://www.w3.org/2001/XMLSchema#boolean"},{"name":"rd2_win","title":"rd2_win","type":"boolean","rdfType":"http://www.w3.org/2001/XMLSchema#boolean"},{"name":"rd3_win","title":"rd3_win","type":"boolean","rdfType":"http://www.w3.org/2001/XMLSchema#boolean"},{"name":"rd4_win","title":"rd4_win","type":"boolean","rdfType":"http://www.w3.org/2001/XMLSchema#boolean"},{"name":"rd5_win","title":"rd5_win","type":"boolean","rdfType":"http://www.w3.org/2001/XMLSchema#boolean"},{"name":"rd6_win","title":"rd6_win","type":"number","rdfType":"http://www.w3.org/2001/XMLSchema#decimal"},{"name":"rd7_win","title":"rd7_win","type":"number","rdfType":"http://www.w3.org/2001/XMLSchema#decimal"},{"name":"win_odds","title":"win_odds","type":"string","rdfType":"http://www.w3.org/2001/XMLSchema#string"},{"name":"timestamp","title":"timestamp","type":"string","rdfType":"http://www.w3.org/2001/XMLSchema#string"}]},"path":"data/bracket_30.csv","format":"csv"},{"name":"bracket_31","schema":{"fields":[{"name":"team_id","title":"team_id","type":"integer","rdfType":"http://www.w3.org/2001/XMLSchema#integer"},{"name":"team_name","title":"team_name","type":"string","rdfType":"http://www.w3.org/2001/XMLSchema#string"},{"name":"team_seed","title":"team_seed","type":"integer","rdfType":"http://www.w3.org/2001/XMLSchema#integer"},{"name":"team_region","title":"team_region","type":"string","rdfType":"http://www.w3.org/2001/XMLSchema#string"},{"name":"playin_flag","title":"playin_flag","type":"string","rdfType":"http://www.w3.org/2001/XMLSchema#string"},{"name":"team_alive","title":"team_alive","type":"boolean","rdfType":"http://www.w3.org/2001/XMLSchema#boolean"},{"name":"rd1_win","title":"rd1_win","type":"boolean","rdfType":"http://www.w3.org/2001/XMLSchema#boolean"},{"name":"rd2_win","title":"rd2_win","type":"boolean","rdfType":"http://www.w3.org/2001/XMLSchema#boolean"},{"name":"rd3_win","title":"rd3_win","type":"boolean","rdfType":"http://www.w3.org/2001/XMLSchema#boolean"},{"name":"rd4_win","title":"rd4_win","type":"boolean","rdfType":"http://www.w3.org/2001/XMLSchema#boolean"},{"name":"rd5_win","title":"rd5_win","type":"boolean","rdfType":"http://www.w3.org/2001/XMLSchema#boolean"},{"name":"rd6_win","title":"rd6_win","type":"boolean","rdfType":"http://www.w3.org/2001/XMLSchema#boolean"},{"name":"rd7_win","title":"rd7_win","type":"number","rdfType":"http://www.w3.org/2001/XMLSchema#decimal"},{"name":"win_odds","title":"win_odds","type":"string","rdfType":"http://www.w3.org/2001/XMLSchema#string"},{"name":"timestamp","title":"timestamp","type":"string","rdfType":"http://www.w3.org/2001/XMLSchema#string"}]},"path":"data/bracket_31.csv","format":"csv"},{"name":"original/README.md","path":"original/README.md","format":"md","mediatype":"text/plain","bytes":244},{"name":"original/bracket-00.tsv","path":"original/bracket-00.tsv","format":"tsv","mediatype":"text/tab-separated-values","bytes":11298},{"name":"original/bracket-01.tsv","path":"original/bracket-01.tsv","format":"tsv","mediatype":"text/tab-separated-values","bytes":10842},{"name":"original/bracket-02.tsv","path":"original/bracket-02.tsv","format":"tsv","mediatype":"text/tab-separated-values","bytes":10739},{"name":"original/bracket-03.tsv","path":"original/bracket-03.tsv","format":"tsv","mediatype":"text/tab-separated-values","bytes":10508},{"name":"original/bracket-04.tsv","path":"original/bracket-04.tsv","format":"tsv","mediatype":"text/tab-separated-values","bytes":10393},{"name":"original/bracket-05.tsv","path":"original/bracket-05.tsv","format":"tsv","mediatype":"text/tab-separated-values","bytes":9929},{"name":"original/bracket-06.tsv","path":"original/bracket-06.tsv","format":"tsv","mediatype":"text/tab-separated-values","bytes":9700},{"name":"original/bracket-07.tsv","path":"original/bracket-07.tsv","format":"tsv","mediatype":"text/tab-separated-values","bytes":9471},{"name":"original/bracket-08.tsv","path":"original/bracket-08.tsv","format":"tsv","mediatype":"text/tab-separated-values","bytes":9011},{"name":"original/bracket-09.tsv","path":"original/bracket-09.tsv","format":"tsv","mediatype":"text/tab-separated-values","bytes":8543},{"name":"original/bracket-10.tsv","path":"original/bracket-10.tsv","format":"tsv","mediatype":"text/tab-separated-values","bytes":8208},{"name":"original/bracket-11.tsv","path":"original/bracket-11.tsv","format":"tsv","mediatype":"text/tab-separated-values","bytes":7745},{"name":"original/bracket-12.tsv","path":"original/bracket-12.tsv","format":"tsv","mediatype":"text/tab-separated-values","bytes":7627},{"name":"original/bracket-13.tsv","path":"original/bracket-13.tsv","format":"tsv","mediatype":"text/tab-separated-values","bytes":7436},{"name":"original/bracket-14.tsv","path":"original/bracket-14.tsv","format":"tsv","mediatype":"text/tab-separated-values","bytes":7340},{"name":"original/bracket-15.tsv","path":"original/bracket-15.tsv","format":"tsv","mediatype":"text/tab-separated-values","bytes":7148},{"name":"original/bracket-16.tsv","path":"original/bracket-16.tsv","format":"tsv","mediatype":"text/tab-separated-values","bytes":6955},{"name":"original/bracket-17.tsv","path":"original/bracket-17.tsv","format":"tsv","mediatype":"text/tab-separated-values","bytes":6858},{"name":"original/bracket-18.tsv","path":"original/bracket-18.tsv","format":"tsv","mediatype":"text/tab-separated-values","bytes":6473},{"name":"original/bracket-19.tsv","path":"original/bracket-19.tsv","format":"tsv","mediatype":"text/tab-separated-values","bytes":6078},{"name":"original/bracket-20.tsv","path":"original/bracket-20.tsv","format":"tsv","mediatype":"text/tab-separated-values","bytes":5921},{"name":"original/bracket-21.tsv","path":"original/bracket-21.tsv","format":"tsv","mediatype":"text/tab-separated-values","bytes":5753},{"name":"original/bracket-22.tsv","path":"original/bracket-22.tsv","format":"tsv","mediatype":"text/tab-separated-values","bytes":5680},{"name":"original/bracket-23.tsv","path":"original/bracket-23.tsv","format":"tsv","mediatype":"text/tab-separated-values","bytes":5596},{"name":"original/bracket-24.tsv","path":"original/bracket-24.tsv","format":"tsv","mediatype":"text/tab-separated-values","bytes":5513},{"name":"original/bracket-25.tsv","path":"original/bracket-25.tsv","format":"tsv","mediatype":"text/tab-separated-values","bytes":5437},{"name":"original/bracket-26.tsv","path":"original/bracket-26.tsv","format":"tsv","mediatype":"text/tab-separated-values","bytes":5371},{"name":"original/bracket-27.tsv","path":"original/bracket-27.tsv","format":"tsv","mediatype":"text/tab-separated-values","bytes":5308},{"name":"original/bracket-28.tsv","path":"original/bracket-28.tsv","format":"tsv","mediatype":"text/tab-separated-values","bytes":5238},{"name":"original/bracket-29.tsv","path":"original/bracket-29.tsv","format":"tsv","mediatype":"text/tab-separated-values","bytes":5173},{"name":"original/bracket-30.tsv","path":"original/bracket-30.tsv","format":"tsv","mediatype":"text/tab-separated-values","bytes":5121},{"name":"original/bracket-31.tsv","path":"original/bracket-31.tsv","format":"tsv","mediatype":"text/tab-separated-values","bytes":5070}],"keywords":["basketball","ncaa","college sports","sports data","brackets","forecasting","predictions"]}