{"name":"fivethirtyeight_nba-tattoos","title":"NBA Tattoos","description":"**See Readme for more details.**\n This repository contains a selection of the data -- and the data-processing scripts -- behind the articles, graphics and interactives at FiveThirtyEight.\n\n We hope you'll use it to check our work and to create stories and visualizations of your own. The data is available under the [Creative Commons Attribution 4.0 International License](http://creativecommons.org/licenses/by/4.0/) and the code is available under the [MIT License](http://opensource.org/licenses/MIT). If you do find it useful, please let us know](andrei.scheinkman@fivethirtyeight.com).\n\n**_Source:_** https://github.com/fivethirtyeight/data","homepage":"https://data.world/fivethirtyeight/nba-tattoos","license":"CC-BY","resources":[{"name":"nba_tattoos_data","schema":{"fields":[{"name":"player","title":"Player","type":"string","rdfType":"http://www.w3.org/2001/XMLSchema#string"},{"name":"name_tattoos","title":"Name,Tattoos","type":"string","rdfType":"http://www.w3.org/2001/XMLSchema#string"},{"name":"yes_no","title":"yes/no","type":"string","rdfType":"http://www.w3.org/2001/XMLSchema#string"}]},"path":"data/nba_tattoos_data.csv","format":"csv"},{"name":"original/nba-tattoos-data.csv","path":"original/nba-tattoos-data.csv","format":"csv","mediatype":"text/csv","bytes":11064}],"keywords":["basketball","nba","bball","professional","sports","entertainment","tattoos","art","body art"]}