Year,Jan,Feb,Mar,Apr,May,Jun,Jul,Aug,Sep,Oct,Nov,Dec,Average,Odd/Even
1850,-1.941,0.552,-0.742,-0.745,-0.54,0.364,0.57,0.596,-0.225,-0.623,-0.12,-0.013,-0.239,
1850,3,3,3,3,3,3,3,3,3,3,3,3,,
1851,0.392,-0.056,-0.906,-0.318,-0.073,0.123,0.04,0.237,0.387,0.447,-0.306,-0.016,-0.004,
1851,3,3,3,3,3,3,3,3,3,3,3,3,,
1852,-0.283,-0.265,-0.799,-1.209,0.088,0.277,0.265,0.156,0.214,-0.342,-0.42,0.679,-0.137,
1852,3,3,3,3,3,3,3,3,3,3,3,3,,
1853,0.65,-0.478,-0.94,-0.733,-0.056,-0.224,0.328,0.32,-0.573,-0.161,-0.933,-1.11,-0.326,
1853,3,3,3,3,3,3,3,3,3,3,3,3,,
1854,-0.394,-0.313,0,-0.644,-0.146,-0.165,0.69,0.248,-0.127,0.214,-0.759,0.022,-0.125,
1854,3,3,3,3,3,3,3,3,3,3,3,3,,
1855,-0.37,-1.737,-0.909,0.14,0.127,-0.223,0.107,-0.072,-0.402,-0.219,-0.661,-2.042,-0.522,
1855,3,3,3,3,3,4,3,4,4,3,3,4,,
1856,-0.137,-0.831,-1.479,-0.392,-0.799,0.479,-0.335,-0.377,-0.652,-0.779,-1.424,-0.318,-0.587,
1856,4,4,4,4,4,4,4,4,4,3,4,4,,
1857,-1.074,0.029,-0.822,-1.699,-1.196,-0.382,-0.178,0.022,-0.493,-0.739,-0.859,0.426,-0.58,
1857,4,4,4,4,4,4,4,4,4,4,4,4,,
1858,-0.003,-1.454,-0.913,-0.401,-0.556,0.026,-0.324,-0.284,-0.264,-0.222,-1.852,-0.414,-0.555,
1858,4,4,4,4,4,4,4,4,4,4,4,4,,
1859,-0.195,0.129,-0.12,-0.256,-0.053,-0.127,0.224,0.101,-0.473,-0.094,-0.396,-1.054,-0.193,
1859,4,4,4,4,4,4,4,4,4,4,4,4,,
1860,0.18,-1.132,-1.69,-0.615,-0.432,-0.083,-0.2,0.078,-0.243,-0.434,-1.411,-1.803,-0.649,
1860,4,4,4,4,4,4,4,4,4,4,4,4,,
1861,-2.218,0.043,0.057,-0.812,-1.198,0.02,-0.161,0.066,-0.389,-0.429,-0.703,-0.468,-0.516,
1861,4,4,4,4,4,4,4,4,4,4,4,4,,
1862,-1.262,-1.586,-0.465,-0.329,-0.222,-0.361,-0.475,-0.804,-0.404,-0.638,-1.193,-1.331,-0.756,
1862,4,4,4,4,3,4,4,4,4,4,4,4,,
1863,0.919,0.345,-0.425,-0.409,-0.341,-0.48,-0.568,-0.346,-0.378,-0.694,-0.455,-0.465,-0.275,
1863,4,4,4,4,4,4,4,4,4,4,4,4,,
1864,-1.668,-0.779,-0.498,-0.881,-0.798,0.114,-0.187,-0.525,-0.389,-1.413,-1.379,-1.493,-0.825,
1864,4,4,4,4,4,4,4,4,4,4,4,4,,
1865,-0.208,-1.405,-1.529,-0.304,-0.299,-0.301,0.024,-0.387,0.118,-0.569,0.045,-0.624,-0.453,
1865,4,4,4,4,4,4,4,4,4,4,4,4,,
1866,0.524,-0.606,-0.884,-0.325,-0.771,-0.09,-0.104,-0.613,-0.139,-0.99,-0.861,-0.42,-0.44,
1866,4,4,4,4,4,4,4,4,4,4,4,4,,
1867,-0.692,0.43,-1.971,-0.688,-1.241,-0.345,-0.449,-0.268,-0.178,-0.109,-0.675,-1.055,-0.603,
1867,4,4,4,4,4,4,4,4,4,4,4,4,,
1868,-1.472,-1.022,-0.328,-0.799,0.113,0.038,0.307,0.083,-0.414,-0.164,-1.146,-0.283,-0.424,
1868,4,4,4,4,5,5,5,5,5,4,5,5,,
1869,-0.242,0.727,-1.18,-0.47,-0.515,-0.481,-0.346,0.159,-0.15,-1.014,-0.652,-0.552,-0.393,
1869,5,5,5,5,5,5,4,4,5,5,5,5,,
1870,-0.006,-1.092,-1.107,-0.538,-0.105,0.016,0.029,-0.81,-0.304,-0.596,-0.243,-1.83,-0.549,
1870,5,5,5,5,5,5,5,5,5,5,5,5,,
1871,-1.23,-1.301,-0.169,-0.405,-0.639,-0.453,-0.003,0.126,-0.628,-0.671,-1.33,-1.208,-0.659,
1871,5,5,5,5,5,5,5,5,5,5,5,5,,
1872,-0.2,-0.64,-0.635,-0.153,-0.057,-0.091,-0.165,-0.489,-0.23,-0.147,-0.512,-0.947,-0.355,
1872,5,5,5,5,5,5,5,5,5,5,5,5,,
1873,-0.073,-0.671,-0.592,-1.048,-0.607,0.246,-0.192,0.042,-0.334,-0.414,-0.966,0.004,-0.384,
1873,6,6,6,6,6,6,6,6,6,6,6,6,,
1874,0.184,-0.513,-1.193,-0.668,-0.907,-0.452,-0.275,-0.354,-0.152,-0.27,-0.831,-0.365,-0.483,
1874,6,6,6,6,6,6,6,6,6,6,6,6,,
1875,-1.202,-1.525,-1.548,-1.017,-0.269,-0.218,-0.284,-0.251,-0.588,-0.797,-1.26,-1.029,-0.832,
1875,7,7,7,7,7,7,7,7,7,7,7,7,,
1876,-0.326,-0.308,-0.475,-0.372,-0.759,-0.115,0.12,-0.193,-0.175,-0.505,-1.368,-1.483,-0.497,
1876,7,7,7,7,7,7,7,7,7,7,7,7,,
1877,-0.264,-0.097,-0.537,-0.79,-0.935,-0.09,0.224,0.266,-0.389,-0.523,0.022,0.089,-0.252,
1877,7,7,7,7,7,7,7,7,7,7,7,7,,
1878,-0.302,0.372,0.617,0.33,-0.424,-0.116,-0.101,0.044,0.259,0.161,-0.127,-0.995,-0.023,
1878,8,8,8,8,8,8,8,8,8,8,8,8,,
1879,-0.483,-0.456,-0.481,-0.624,-0.624,-0.64,-0.383,-0.355,-0.342,-0.14,-0.879,-1.231,-0.553,
1879,8,8,8,8,8,8,8,8,8,8,8,8,,
1880,0.052,-0.286,-0.51,-0.383,-0.141,-0.13,-0.229,0.135,-0.233,-0.994,-1.057,-0.584,-0.363,
1880,8,8,8,8,8,8,8,8,8,9,8,9,,
1881,-1.215,-0.609,-0.686,-0.448,-0.066,-0.659,-0.299,-0.109,-0.068,-0.585,-0.694,0.161,-0.44,
1881,9,9,9,9,9,9,9,9,9,9,9,9,,
1882,0.698,0.072,0.132,-0.728,-0.739,-0.738,-0.521,-0.049,-0.064,-0.336,-0.773,-0.981,-0.336,
1882,9,9,9,9,9,9,9,9,9,9,9,9,,
1883,-1.067,-0.978,-1.125,-0.749,-0.619,-0.022,-0.269,-0.463,-0.526,-0.542,-0.629,-0.417,-0.617,
1883,9,9,9,10,10,9,9,10,10,10,9,9,,
1884,-0.632,-0.477,-0.81,-1.08,-1.058,-0.729,-0.77,-0.262,-0.49,-0.616,-1.07,-0.694,-0.724,
1884,10,10,10,10,10,10,10,10,10,10,10,10,,
1885,-1.308,-0.865,-1.104,-0.948,-0.941,-0.784,-0.418,-0.609,-0.349,-0.51,-0.482,-0.004,-0.693,
1885,10,10,10,10,10,10,10,10,10,10,10,10,,
1886,-0.75,-1.113,-0.916,-0.338,-0.439,-0.63,-0.283,-0.338,-0.184,-0.547,-0.526,-0.321,-0.532,
1886,10,11,11,11,11,11,10,10,11,11,11,10,,
1887,-0.766,-0.867,-0.595,-0.673,-0.425,-0.451,-0.354,-0.449,-0.283,-0.797,-0.661,-0.61,-0.578,
1887,11,11,11,11,11,11,11,11,11,11,11,11,,
1888,-1.157,-1,-1.369,-0.312,-0.765,-0.474,-0.39,-0.418,-0.199,-0.324,-0.432,-0.295,-0.594,
1888,11,11,11,11,11,11,11,11,11,11,11,11,,
1889,-0.485,-0.41,-0.226,0.026,0.143,-0.091,-0.307,-0.366,-0.559,-0.335,-0.706,0.004,-0.276,
1889,11,11,11,11,11,11,11,11,11,12,12,12,,
1890,-0.182,-0.414,-0.522,-0.286,-0.59,-0.293,-0.424,-0.427,-0.219,-0.517,-0.782,-0.698,-0.446,
1890,12,12,12,12,12,12,12,12,12,12,12,12,,
1891,-0.974,-0.889,-0.639,-0.676,-0.424,-0.424,-0.439,-0.504,-0.216,-0.483,-0.895,0.129,-0.536,
1891,12,12,13,12,12,12,12,12,12,12,12,12,,
1892,-0.663,-0.04,-0.885,-0.856,-0.815,-0.472,-0.482,-0.37,-0.287,-0.48,-0.856,-1.392,-0.633,
1892,12,12,12,12,12,12,13,13,12,13,13,12,,
1893,-2.161,-1.583,-0.606,-0.696,-0.767,-0.492,-0.169,-0.407,-0.434,-0.29,-0.547,-0.348,-0.708,
1893,13,13,13,13,13,12,13,13,13,13,13,13,,
1894,-0.627,-0.428,-0.213,-0.462,-0.571,-0.618,-0.449,-0.377,-0.714,-0.422,-0.447,-0.475,-0.484,
1894,13,13,13,13,13,13,13,13,13,13,13,13,,
1895,-1.177,-1.5,-0.738,-0.44,-0.474,-0.374,-0.627,-0.338,-0.19,-0.329,-0.434,-0.269,-0.574,
1895,13,13,13,13,13,13,13,13,13,13,13,13,,
1896,-0.31,-0.35,-0.825,-0.793,-0.359,-0.277,-0.234,-0.3,-0.247,0.034,-0.93,-0.152,-0.395,
1896,13,13,13,13,13,13,13,13,13,13,13,13,,
1897,-0.63,-0.37,-0.788,-0.074,-0.043,-0.146,-0.104,-0.213,-0.04,-0.253,-0.485,-0.57,-0.31,
1897,14,14,14,14,14,14,14,14,14,14,14,14,,
1898,0.283,-0.419,-1.329,-0.733,-0.642,-0.226,-0.334,-0.156,-0.133,-0.553,-0.408,-0.104,-0.396,
1898,14,14,14,14,14,14,14,14,14,14,15,14,,
1899,-0.143,-0.705,-0.785,-0.273,-0.501,-0.595,-0.224,-0.197,0.025,-0.203,0.269,-0.62,-0.329,
1899,15,15,15,15,15,15,15,15,15,14,15,14,,
1900,-0.492,-0.421,-0.455,-0.436,-0.241,0.004,-0.254,-0.105,-0.232,0.325,-0.193,0.174,-0.194,
1900,15,15,15,15,15,15,15,15,15,15,15,15,,
1901,-0.207,-0.517,-0.087,-0.032,-0.151,0.127,0.008,-0.046,-0.087,-0.173,-0.331,-0.385,-0.157,
1901,15,15,15,15,15,15,15,15,15,15,15,15,,
1902,0.055,-0.074,-0.316,-0.452,-0.4,-0.257,-0.426,-0.485,-0.394,-0.547,-0.639,-0.841,-0.398,
1902,16,16,16,16,16,16,16,16,16,16,16,16,,
1903,-0.163,0.115,-0.178,-0.557,-0.569,-0.527,-0.499,-0.429,-0.338,-0.558,-0.667,-0.812,-0.432,
1903,16,16,16,16,16,16,16,16,16,16,16,16,,
1904,-0.822,-0.688,-0.913,-0.539,-0.487,-0.462,-0.485,-0.395,-0.485,-0.376,-0.293,-0.453,-0.533,
1904,16,16,16,16,16,16,16,16,16,16,16,16,,
1905,-0.51,-1.351,-0.548,-0.721,-0.376,-0.106,-0.283,-0.269,-0.185,-0.474,-0.011,-0.024,-0.405,
1905,17,17,17,17,17,17,17,16,17,17,17,17,,
1906,0.112,-0.371,-0.515,0.107,0.023,-0.085,-0.167,-0.151,-0.292,-0.169,-0.562,-0.136,-0.184,
1906,17,17,17,17,17,17,17,17,17,17,17,17,,
1907,-0.605,-0.776,-0.565,-0.886,-0.935,-0.683,-0.453,-0.556,-0.373,-0.114,-0.765,-0.556,-0.606,
1907,18,18,18,18,18,18,18,18,17,17,17,18,,
1908,-0.183,-0.37,-0.851,-0.58,-0.465,-0.317,-0.334,-0.491,-0.248,-0.517,-0.737,-0.384,-0.457,
1908,17,17,17,17,17,18,18,18,18,18,17,18,,
1909,-0.631,-0.603,-0.82,-0.768,-0.739,-0.391,-0.377,0.032,-0.072,-0.074,-0.009,-0.624,-0.423,
1909,18,18,18,18,18,18,18,18,18,18,18,18,,
1910,-0.063,-0.353,-0.346,-0.264,-0.306,-0.275,-0.182,-0.162,-0.191,-0.381,-0.775,-0.698,-0.333,
1910,19,19,19,19,19,19,19,19,19,19,18,19,,
1911,-0.598,-0.902,-0.815,-0.687,-0.38,-0.391,-0.222,-0.208,-0.243,-0.335,-0.133,-0.065,-0.415,
1911,19,19,19,19,19,19,19,19,19,19,19,19,,
1912,-0.454,-0.043,-0.567,-0.399,-0.265,-0.047,-0.554,-0.652,-0.621,-0.759,-0.569,-0.283,-0.434,
1912,19,19,20,20,20,20,20,20,20,20,20,19,,
1913,-0.226,-0.669,-0.653,-0.216,-0.801,-0.617,-0.278,-0.124,-0.252,-0.298,0.183,0.283,-0.306,
1913,20,20,20,20,20,20,20,20,20,20,20,20,,
1914,0.53,0.217,-0.075,-0.304,-0.09,-0.047,-0.109,-0.096,-0.152,0.027,-0.346,-0.309,-0.063,
1914,20,20,20,20,20,20,20,20,20,20,20,20,,
1915,-0.027,0.338,-0.579,0.108,-0.221,-0.14,0.056,-0.081,0.032,-0.159,0.012,-0.057,-0.06,
1915,19,19,19,19,19,19,19,19,20,20,20,20,,
1916,0.061,-0.07,-0.688,-0.307,-0.336,-0.511,-0.202,-0.179,-0.258,-0.309,-0.442,-0.913,-0.346,
1916,20,20,20,20,20,20,20,20,20,20,20,20,,
1917,-0.608,-1.276,-1.213,-0.684,-1.118,-0.407,-0.068,-0.284,-0.097,-0.541,-0.293,-1.24,-0.652,
1917,20,20,20,20,20,20,20,20,20,20,20,20,,
1918,-0.762,-0.544,-0.543,-0.603,-0.735,-0.417,-0.412,-0.337,-0.22,0.178,-0.272,-0.333,-0.417,
1918,20,20,20,20,20,20,20,20,20,20,20,20,,
1919,-0.072,-0.266,-0.527,-0.057,-0.372,-0.101,-0.153,-0.133,-0.059,-0.226,-0.794,-0.539,-0.275,
1919,20,20,20,20,20,19,20,19,19,19,19,19,,
1920,-0.097,-0.49,-0.092,-0.282,-0.192,-0.221,-0.083,-0.167,-0.055,-0.344,-0.539,-0.579,-0.262,
1920,19,20,20,20,20,20,20,20,19,20,19,20,,
1921,0.303,-0.14,-0.031,-0.008,0.066,0.057,-0.001,-0.341,-0.187,-0.189,-0.591,-0.126,-0.099,
1921,20,20,20,20,20,20,20,20,20,20,21,20,,
1922,-0.564,-0.501,-0.343,-0.088,-0.127,-0.143,-0.2,-0.22,-0.16,-0.269,-0.149,-0.209,-0.248,
1922,20,21,21,20,21,21,21,21,21,21,21,21,,
1923,-0.008,-0.628,-0.374,-0.72,-0.376,-0.288,-0.445,-0.445,-0.188,-0.021,0.172,0.171,-0.263,
1923,21,21,21,21,21,21,21,22,22,22,22,21,,
1924,-0.463,-0.5,-0.47,-0.593,-0.327,-0.159,-0.17,-0.209,-0.039,-0.149,-0.137,-0.548,-0.314,
1924,22,22,22,22,22,22,22,22,22,22,22,22,,
1925,-0.364,-0.105,-0.282,-0.126,-0.358,-0.325,-0.364,-0.078,-0.197,-0.5,-0.051,0.203,-0.212,
1925,22,22,22,22,22,22,22,22,22,22,22,22,,
1926,0.431,0.481,0.048,-0.363,-0.471,-0.159,-0.246,-0.049,0.002,-0.075,0.086,-0.459,-0.064,
1926,22,22,22,22,23,22,23,23,23,23,23,23,,
1927,-0.293,-0.173,-0.421,-0.42,-0.464,-0.223,-0.019,-0.145,0.049,0.257,-0.026,-0.796,-0.223,
1927,23,23,23,23,23,23,23,23,22,22,23,23,,
1928,0.079,-0.079,-0.514,-0.259,-0.298,-0.504,-0.094,-0.123,0.006,-0.021,0.103,-0.046,-0.146,
1928,23,23,23,23,23,23,23,23,23,23,23,23,,
1929,-0.717,-1.355,-0.493,-0.676,-0.425,-0.435,-0.387,-0.154,-0.234,0.031,0.025,-0.803,-0.469,
1929,23,23,23,23,23,23,23,23,23,23,23,23,,
1930,-0.379,-0.14,-0.046,-0.165,-0.309,-0.059,0.006,0.056,-0.129,-0.176,0.136,-0.093,-0.108,
1930,23,23,23,23,23,23,23,23,23,23,23,23,,
1931,0.03,-0.449,-0.266,-0.359,-0.295,0.035,0.117,0.113,-0.013,0.19,-0.088,0.122,-0.072,
1931,24,24,24,24,24,24,24,24,24,24,24,24,,
1932,0.865,-0.452,-0.664,0.031,-0.222,-0.176,-0.065,-0.039,0.109,0.104,-0.267,-0.131,-0.076,
1932,24,24,24,24,24,25,24,25,25,25,25,24,,
1933,-0.507,-0.608,-0.546,-0.306,-0.216,-0.233,-0.015,-0.039,-0.078,-0.057,-0.349,-0.847,-0.317,
1933,25,25,25,25,25,25,25,25,25,25,25,25,,
1934,-0.076,0.139,-0.436,-0.375,0.217,-0.011,0.007,0.002,-0.135,0.031,0.214,0.127,-0.025,
1934,25,25,25,25,25,25,25,25,25,25,25,25,,
1935,-0.443,0.719,-0.051,-0.572,-0.467,-0.194,-0.048,-0.041,-0.136,0.181,-0.546,-0.361,-0.163,
1935,26,26,26,26,26,26,26,26,26,26,26,26,,
1936,-0.377,-0.884,-0.435,-0.301,-0.151,-0.023,0.276,0.106,-0.013,0.07,0.09,0.242,-0.117,
1936,26,26,26,26,26,26,26,26,26,26,26,26,,
1937,-0.219,0.136,-0.71,-0.315,-0.033,0.106,0.004,0.228,0.263,0.329,0.138,-0.313,-0.032,
1937,26,27,27,27,27,27,26,27,26,26,27,26,,
1938,0.144,0.138,0.313,0.344,0.057,-0.061,0.082,0.126,0.264,0.455,0.344,-0.377,0.152,
1938,27,27,27,27,27,27,27,27,27,27,27,27,,
1939,0.075,0.058,-0.521,-0.224,0.043,0.102,0.007,0.103,-0.13,-0.247,-0.014,0.721,-0.002,
1939,27,27,27,27,27,27,27,27,27,27,27,27,,
1940,-0.785,-0.124,-0.211,-0.002,-0.153,0.163,0.153,0.019,0.173,0.009,-0.028,0.295,-0.041,
1940,27,27,27,28,27,27,27,27,27,28,27,27,,
1941,-0.171,0.121,-0.338,-0.024,-0.005,0.13,0.19,0.061,-0.189,0.212,-0.18,-0.155,-0.029,
1941,29,29,29,29,29,29,29,29,29,29,29,29,,
1942,0.072,-0.432,-0.288,-0.099,-0.097,0.099,-0.1,-0.019,0.104,0.096,0.099,0.016,-0.046,
1942,29,29,29,29,29,29,29,29,29,29,29,29,,
1943,-0.419,0.256,-0.263,0.141,0.061,-0.245,-0.001,-0.155,0.038,0.408,-0.005,0.303,0.01,
1943,29,29,29,29,29,29,29,29,29,29,29,29,,
1944,0.678,0.267,0.028,-0.154,-0.041,-0.013,0.089,0.16,0.406,0.328,-0.048,-0.412,0.107,
1944,29,29,29,29,29,29,29,29,29,29,29,29,,
1945,-0.306,-0.487,-0.23,0.224,-0.262,-0.107,-0.192,0.435,0.177,0.112,-0.116,-0.674,-0.119,
1945,29,29,29,29,29,29,29,29,29,29,29,29,,
1946,0.106,0.124,-0.33,0.209,-0.092,-0.23,0.001,-0.038,0.055,-0.164,0.01,-0.591,-0.078,
1946,30,30,30,30,30,30,30,30,30,30,30,30,,
1947,-0.286,-0.323,0.007,0.136,-0.016,0.044,-0.046,0.086,0.082,0.395,0.112,-0.248,-0.005,
1947,30,30,30,30,30,30,30,30,30,30,30,30,,
1948,0.416,-0.087,-0.407,-0.02,0.148,0.125,-0.09,-0.043,0.027,0.124,0.01,-0.198,0,
1948,31,31,31,31,31,31,31,31,31,31,31,31,,
1949,0.363,-0.327,-0.387,-0.115,-0.099,-0.221,-0.178,-0.06,-0.074,0.14,-0.015,-0.326,-0.108,
1949,31,31,31,31,31,32,31,31,31,32,32,32,,
1950,-0.574,-0.387,-0.246,-0.307,-0.162,-0.082,-0.229,-0.297,-0.134,-0.198,-0.671,-0.322,-0.301,
1950,32,32,32,33,32,32,32,33,33,32,33,32,,
1951,-0.572,-0.835,-0.449,-0.1,-0.019,-0.114,-0.072,0.114,0.208,0.164,-0.028,0.412,-0.107,
1951,36,36,36,36,36,36,36,36,36,36,36,36,,
1952,0.271,0.038,-0.422,-0.032,-0.046,-0.001,0.13,0.085,0.128,-0.14,-0.541,-0.221,-0.063,
1952,36,36,36,37,36,37,37,37,36,37,37,36,,
1953,0.136,0.175,0.203,0.202,0.063,0.19,-0.007,0.159,0.108,0.194,-0.119,0.247,0.129,
1953,37,36,37,37,37,37,37,37,37,37,37,37,,
1954,-0.496,-0.203,-0.347,-0.184,-0.285,-0.086,-0.186,-0.054,0.001,0.081,0.248,-0.223,-0.145,
1954,37,37,37,37,37,37,38,37,37,37,37,37,,
1955,0.384,-0.143,-0.791,-0.368,-0.197,-0.1,-0.2,0.039,-0.03,-0.019,-0.4,-0.474,-0.192,
1955,38,38,38,38,38,38,38,38,38,38,38,38,,
1956,-0.346,-0.695,-0.57,-0.517,-0.421,-0.274,-0.274,-0.4,-0.408,-0.322,-0.499,-0.387,-0.426,
1956,38,38,38,38,38,38,38,38,38,38,38,38,,
1957,-0.262,-0.253,-0.465,-0.164,-0.132,0.048,-0.175,0.03,0.059,-0.08,0.137,0.32,-0.078,
1957,39,39,39,39,39,39,39,39,39,39,39,39,,
1958,0.467,0.229,-0.073,0.014,0.026,-0.081,0.008,-0.055,-0.113,-0.002,0.07,0.007,0.041,
1958,39,39,39,39,38,38,39,39,38,39,39,39,,
1959,0.114,0.075,0.202,0.063,-0.128,0.114,0.043,0.013,0.054,-0.147,-0.166,-0.01,0.019,
1959,39,39,39,39,39,39,39,39,39,39,39,39,,
1960,0.029,0.366,-0.681,-0.317,-0.319,0.053,-0.094,-0.015,0.053,0.012,-0.216,0.318,-0.068,
1960,39,39,39,39,39,39,39,39,39,39,39,39,,
1961,0.072,0.253,0.09,0.11,0.096,0.084,-0.015,-0.016,0.053,-0.057,-0.004,-0.194,0.039,
1961,40,40,40,40,40,40,40,40,40,40,40,40,,
1962,0.181,0.254,-0.023,0.043,-0.101,-0.15,-0.047,-0.067,-0.028,0.125,0.079,0.057,0.027,
1962,40,40,40,40,40,40,40,40,40,40,40,40,,
1963,-0.08,0.389,-0.315,-0.225,-0.176,-0.128,0.058,0.044,0.146,0.398,0.283,-0.112,0.024,
1963,41,41,41,41,41,41,41,40,41,40,40,40,,
1964,-0.036,-0.256,-0.487,-0.341,-0.179,-0.247,-0.202,-0.27,-0.28,-0.378,-0.291,-0.424,-0.283,
1964,41,41,41,41,41,41,41,40,40,41,41,41,,
1965,-0.064,-0.448,-0.288,-0.466,-0.249,-0.128,-0.297,-0.227,-0.2,-0.055,-0.227,-0.147,-0.233,
1965,41,41,41,41,41,41,41,41,41,41,41,41,,
1966,-0.213,-0.135,-0.132,-0.272,-0.189,0.06,-0.011,0.012,-0.02,-0.171,-0.154,-0.356,-0.132,
1966,41,41,41,41,41,41,41,41,41,41,41,41,,
1967,-0.298,-0.445,-0.096,-0.075,0.122,-0.215,-0.111,-0.076,-0.119,0.346,0.019,-0.132,-0.09,
1967,41,41,41,41,41,41,41,41,41,41,41,41,,
1968,-0.353,-0.272,0.342,-0.207,-0.311,-0.296,-0.207,-0.193,-0.197,-0.121,-0.259,-0.412,-0.207,
1968,41,41,41,41,41,41,41,41,41,41,41,41,,
1969,-0.624,-0.731,-0.293,-0.006,-0.005,-0.082,0.033,-0.019,-0.066,-0.038,0.186,0.273,-0.114,
1969,41,41,41,41,41,41,41,41,41,41,41,41,,
1970,-0.041,0.303,-0.258,0.015,-0.102,0.088,-0.017,-0.065,0.01,-0.172,-0.09,-0.316,-0.054,
1970,41,41,41,41,41,41,41,41,41,41,41,41,,
1971,-0.084,-0.422,-0.473,-0.373,-0.294,-0.302,-0.173,-0.115,-0.007,-0.089,-0.021,-0.073,-0.202,
1971,41,41,41,41,41,41,41,41,41,41,41,41,,
1972,-0.768,-0.645,-0.267,-0.17,-0.197,-0.046,-0.064,-0.078,-0.223,-0.088,-0.25,0.101,-0.225,
1972,41,41,41,41,40,41,40,40,40,41,40,41,,
1973,0.165,0.544,0.384,0.274,0.151,0.254,0.098,0.038,-0.034,-0.007,-0.136,-0.08,0.138,
1973,41,41,41,41,41,40,41,41,41,40,41,40,,
1974,-0.454,-0.615,-0.19,-0.147,-0.241,-0.191,-0.084,-0.12,-0.234,-0.363,-0.337,-0.358,-0.278,
1974,40,40,40,40,40,40,40,40,40,40,40,40,,
1975,0.126,-0.014,0.027,0.04,0.002,-0.02,-0.035,-0.144,0.048,-0.197,-0.304,-0.306,-0.065,
1975,41,41,41,41,40,41,40,40,40,40,40,40,,
1976,-0.093,-0.364,-0.739,-0.174,-0.32,-0.3,-0.309,-0.298,-0.221,-0.688,-0.447,-0.3,-0.354,
1976,40,40,40,40,40,40,40,40,40,40,40,40,,
1977,-0.418,0.093,0.25,0.258,0.113,0.208,0.076,-0.005,0.014,-0.056,0.399,0.05,0.082,
1977,40,40,40,40,40,40,40,40,40,40,40,40,,
1978,0.044,-0.054,0.123,0.015,-0.053,-0.156,-0.071,-0.258,-0.075,-0.065,0.139,-0.155,-0.047,
1978,40,40,40,40,40,40,40,39,40,40,40,40,,
1979,-0.111,-0.31,-0.002,-0.251,-0.081,0.109,0.018,0.05,0.082,0.203,0.125,0.633,0.039,
1979,40,40,40,40,40,40,40,40,40,40,40,40,,
1980,0.095,0.243,-0.116,0.17,0.265,0.124,0.059,0.078,0.093,0.124,0.252,0.108,0.125,
1980,40,40,40,40,40,40,40,40,40,40,40,40,,
1981,0.739,0.599,0.502,0.412,0.107,0.145,0.096,0.24,0.099,0.041,0.148,0.474,0.3,
1981,40,40,40,40,40,40,40,40,40,40,40,39,,
1982,-0.205,0.097,-0.243,0.041,-0.012,-0.139,0.026,-0.002,0.072,-0.142,-0.14,0.406,-0.02,
1982,39,39,39,39,39,39,39,40,40,40,39,39,,
1983,0.707,0.477,0.353,0.15,0.154,0.114,0.264,0.32,0.396,0.192,0.548,0.126,0.317,
1983,39,39,40,40,39,40,40,39,39,40,39,39,,
1984,0.139,-0.111,0.038,-0.128,0.221,0.036,-0.011,0.034,-0.142,0.079,-0.188,-0.534,-0.047,
1984,39,39,39,39,39,40,40,39,39,39,39,39,,
1985,-0.005,-0.297,-0.097,-0.019,0.057,-0.058,-0.156,0.1,-0.047,0.033,-0.046,0.03,-0.042,
1985,40,40,40,40,40,40,39,40,40,39,40,39,,
1986,0.425,0.192,0.195,0.261,0.185,0.141,-0.05,0.015,-0.077,-0.003,-0.043,0.035,0.106,
1986,39,39,39,39,39,39,39,39,39,39,39,39,,
1987,0.183,0.686,-0.114,0.192,0.188,0.213,0.368,0.208,0.317,0.26,0.141,0.53,0.264,
1987,39,39,39,39,39,39,39,39,39,39,39,39,,
1988,0.638,0.274,0.378,0.305,0.367,0.429,0.342,0.321,0.376,0.338,0.094,0.474,0.361,
1988,39,39,39,39,39,39,39,39,39,39,39,39,,
1989,0.131,0.422,0.388,0.219,0.183,0.151,0.2,0.22,0.219,0.293,0.066,0.316,0.234,
1989,39,39,39,39,39,39,39,39,39,39,39,39,,
1990,0.387,0.543,1.162,0.59,0.398,0.44,0.282,0.361,0.221,0.486,0.596,0.411,0.49,
1990,39,39,39,39,39,39,39,39,39,39,38,38,,
1991,0.517,0.52,0.27,0.558,0.316,0.564,0.419,0.344,0.369,0.331,0.249,0.103,0.38,
1991,38,37,37,37,37,37,37,37,37,37,37,37,,
1992,0.702,0.534,0.418,0.08,0.124,0.049,-0.244,-0.093,-0.224,-0.196,-0.216,0.192,0.094,
1992,38,37,37,37,38,37,37,37,37,37,37,37,,
1993,0.441,0.452,0.347,0.174,0.222,0.22,0.155,0.107,-0.085,0.131,-0.321,0.277,0.177,
1993,37,37,37,38,37,37,37,37,37,37,37,37,,
1994,0.345,-0.151,0.312,0.434,0.369,0.412,0.252,0.268,0.316,0.467,0.538,0.406,0.331,
1994,37,37,37,37,37,37,37,37,38,38,37,37,,
1995,0.832,1.211,0.477,0.49,0.358,0.53,0.41,0.592,0.488,0.688,0.564,0.203,0.57,
1995,38,37,38,38,38,38,37,38,37,37,37,37,,
1996,0.203,0.437,0.13,-0.016,0.319,0.263,0.281,0.233,0.112,0.169,0.215,0.386,0.228,
1996,37,37,37,37,37,37,37,37,37,37,37,37,,
1997,0.413,0.58,0.535,0.342,0.33,0.521,0.387,0.476,0.527,0.633,0.542,0.591,0.49,
1997,37,37,37,37,37,37,37,37,37,37,37,37,,
1998,0.72,1.344,0.755,1.018,0.844,0.901,0.982,0.906,0.735,0.713,0.328,0.848,0.841,
1998,37,37,38,37,37,38,38,38,38,38,38,37,,
1999,0.773,1.169,0.226,0.507,0.386,0.457,0.474,0.434,0.582,0.535,0.401,0.732,0.556,
1999,37,37,37,37,37,37,37,37,37,37,37,37,,
2000,0.314,0.911,0.729,0.921,0.514,0.433,0.404,0.502,0.385,0.274,0.071,0.227,0.474,
2000,37,37,37,37,37,37,37,37,37,37,37,37,,
2001,0.659,0.509,0.767,0.678,0.703,0.532,0.625,0.769,0.571,0.629,1.012,0.566,0.668,
2001,36,36,36,36,35,36,35,36,35,36,35,35,,
2002,1.143,1.344,1.167,0.686,0.581,0.64,0.784,0.616,0.666,0.477,0.722,0.32,0.762,
2002,35,35,36,36,36,36,36,35,36,36,36,36,,
2003,0.994,0.626,0.565,0.621,0.805,0.678,0.623,0.789,0.749,0.917,0.677,1.057,0.758,
2003,36,36,36,36,36,36,36,35,36,37,36,36,,
2004,0.763,1.064,0.933,0.694,0.346,0.485,0.381,0.451,0.533,0.732,1.065,0.473,0.66,
2004,36,36,36,36,36,35,36,35,36,35,35,36,,
2005,0.923,0.556,0.877,0.99,0.723,0.851,0.804,0.695,0.948,1.068,1.176,0.742,0.863,
2005,36,35,36,35,36,35,35,35,36,35,36,35,,
2006,0.603,0.955,0.762,0.58,0.527,0.847,0.756,0.736,0.757,0.995,0.894,1.252,0.805,
2006,35,36,36,36,36,36,36,36,35,35,36,35,,
2007,1.623,0.953,0.972,1.084,0.8,0.606,0.614,0.775,0.801,0.933,0.786,0.794,0.895,
2007,36,35,35,35,36,36,36,36,36,36,35,36,,
2008,0.338,0.428,1.21,0.557,0.485,0.591,0.7,0.56,0.596,0.987,1.037,0.696,0.682,
2008,36,36,35,36,36,36,35,36,36,36,36,36,,
2009,0.778,0.828,0.637,0.835,0.573,0.642,0.577,0.832,0.994,0.727,0.823,0.528,0.731,
2009,35,36,36,35,35,35,36,36,35,35,35,35,,
2010,0.794,0.89,1.108,1.067,0.943,0.983,0.968,0.877,0.787,0.897,1.205,0.446,0.914,
2010,35,35,35,35,35,35,35,36,36,36,36,36,,
2011,0.44,0.4,0.583,0.875,0.563,0.797,0.782,0.756,0.823,0.951,0.663,0.856,0.707,
2011,34,35,35,34,35,35,34,35,35,34,34,34,,
2012,0.559,0.361,0.599,1.06,0.966,0.95,0.81,0.847,0.901,0.878,0.915,0.281,0.761,
2012,35,35,34,35,35,35,35,35,35,34,35,35,,
2013,0.92,0.939,0.689,0.636,0.809,0.893,0.687,0.735,0.786,0.872,1.087,0.863,0.826,
2013,34,34,35,34,34,35,34,34,35,34,35,35,,
2014,0.944,0.481,0.962,1.04,0.919,0.891,0.713,0.835,0.819,0.973,0.72,1.096,0.866,
2014,34,34,34,34,34,34,34,34,34,34,34,33,,
2015,1.231,1.197,1.259,0.903,1.018,1.095,0.832,0.958,1.049,1.209,1.287,1.771,1.151,
2015,34,34,33,33,34,34,34,34,33,34,34,34,,
2016,1.416,2.103,1.956,1.592,1.109,1.105,1.057,1.221,1.174,0.849,0.826,1.1,1.292,
2016,34,34,34,34,33,33,33,33,33,33,34,33,,
2017,1.312,1.539,1.484,1.063,0.936,0.973,1.051,1.054,1.02,0.973,0.88,1.149,1.12,
2017,32,32,32,32,32,32,32,32,32,32,32,32,,
2018,0.973,0.939,1.09,0,0,0,0,0,0,0,0,0,1.001,
2018,32,31,32,0,0,0,0,0,0,0,0,0,,