{"name":"fivethirtyeight_march-madness-2017","title":"March Madness 2017","description":"2017 March Madness Predictions\n\nForecase data for the 2017 Men and Women March Madness tournament, and team rankings.   \n\nFrom the article [How FiveThirtyEight Is Forecasting The 2017 NCAA Tournament](https://fivethirtyeight.com/features/how-fivethirtyeight-is-forecasting-the-2017-ncaa-tournament/) where you'll find how everything was computed in this year’s forecast.\n\n\nSource: [fivethirtyeight.com/2017-march-madness-predictions](https://projects.fivethirtyeight.com/2017-march-madness-predictions/)\n\n---\nClick here to see fivethirtyeight's bracket for [In-game win probabilities and chances of advancing](https://projects.fivethirtyeight.com/2017-march-madness-predictions/), updated live.","homepage":"https://data.world/fivethirtyeight/march-madness-2017","resources":[{"name":"2017_ncaa_tournament_team_ratings_sheet1","schema":{"fields":[{"name":"team","title":"TEAM","type":"string","rdfType":"http://www.w3.org/2001/XMLSchema#string"},{"name":"region","title":"REGION","type":"string","rdfType":"http://www.w3.org/2001/XMLSchema#string"},{"name":"seed","title":"SEED","type":"integer","rdfType":"http://www.w3.org/2001/XMLSchema#integer"},{"name":"elo_ratings","title":"ELO (RATINGS)","type":"integer","rdfType":"http://www.w3.org/2001/XMLSchema#integer"},{"name":"composite_ratings","title":"COMPOSITE (RATINGS)","type":"number","rdfType":"http://www.w3.org/2001/XMLSchema#decimal"},{"name":"final_4_probability_of","title":"FINAL 4 (PROBABILITY OF…)","type":"string","rdfType":"http://www.w3.org/2001/XMLSchema#string"},{"name":"champs_probability_of","title":"CHAMPS (PROBABILITY OF…)","type":"string","rdfType":"http://www.w3.org/2001/XMLSchema#string"}]},"path":"data/2017_ncaa_tournament_team_ratings_sheet1.csv","format":"csv"},{"name":"fivethirtyeight_ncaa_forecasts","schema":{"fields":[{"name":"gender","title":"gender","type":"string","rdfType":"http://www.w3.org/2001/XMLSchema#string"},{"name":"forecast_date","title":"forecast_date","type":"date","rdfType":"http://www.w3.org/2001/XMLSchema#date"},{"name":"playin_flag","title":"playin_flag","type":"boolean","rdfType":"http://www.w3.org/2001/XMLSchema#boolean"},{"name":"rd1_win","title":"rd1_win","type":"number","rdfType":"http://www.w3.org/2001/XMLSchema#decimal"},{"name":"rd2_win","title":"rd2_win","type":"number","rdfType":"http://www.w3.org/2001/XMLSchema#decimal"},{"name":"rd3_win","title":"rd3_win","type":"number","rdfType":"http://www.w3.org/2001/XMLSchema#decimal"},{"name":"rd4_win","title":"rd4_win","type":"number","rdfType":"http://www.w3.org/2001/XMLSchema#decimal"},{"name":"rd5_win","title":"rd5_win","type":"number","rdfType":"http://www.w3.org/2001/XMLSchema#decimal"},{"name":"rd6_win","title":"rd6_win","type":"number","rdfType":"http://www.w3.org/2001/XMLSchema#decimal"},{"name":"rd7_win","title":"rd7_win","type":"number","rdfType":"http://www.w3.org/2001/XMLSchema#decimal"},{"name":"team_alive","title":"team_alive","type":"boolean","rdfType":"http://www.w3.org/2001/XMLSchema#boolean"},{"name":"team_id","title":"team_id","type":"integer","rdfType":"http://www.w3.org/2001/XMLSchema#integer"},{"name":"team_name","title":"team_name","type":"string","rdfType":"http://www.w3.org/2001/XMLSchema#string"},{"name":"team_rating","title":"team_rating","type":"number","rdfType":"http://www.w3.org/2001/XMLSchema#decimal"},{"name":"team_region","title":"team_region","type":"string","rdfType":"http://www.w3.org/2001/XMLSchema#string"},{"name":"team_seed","title":"team_seed","type":"string","rdfType":"http://www.w3.org/2001/XMLSchema#string"}]},"path":"data/fivethirtyeight_ncaa_forecasts.csv","format":"csv"},{"name":"original/2017 NCAA Tournament team ratings - Sheet1.csv","path":"original/2017 NCAA Tournament team ratings - Sheet1.csv","format":"csv","mediatype":"text/csv","bytes":2816},{"name":"original/fivethirtyeight_ncaa_forecasts.csv","path":"original/fivethirtyeight_ncaa_forecasts.csv","format":"csv","mediatype":"text/csv","bytes":46672}],"keywords":["ncaa","march madness","basketball","college sports","sports data","brackets","forecasting"]}