{"name":"fivethirtyeight_nba-winprobs","title":"NBA Winprobs","description":"**See Readme for more details.**\n This repository contains a selection of the data -- and the data-processing scripts -- behind the articles, graphics and interactives at FiveThirtyEight.\n\n We hope you'll use it to check our work and to create stories and visualizations of your own. The data is available under the [Creative Commons Attribution 4.0 International License](http://creativecommons.org/licenses/by/4.0/) and the code is available under the [MIT License](http://opensource.org/licenses/MIT). If you do find it useful, please let us know](andrei.scheinkman@fivethirtyeight.com).\n\n**_Source:_** https://github.com/fivethirtyeight/data","homepage":"https://data.world/fivethirtyeight/nba-winprobs","license":"CC-BY","resources":[{"name":"nba","schema":{"fields":[{"name":"column_a","title":"Column A","type":"string","rdfType":"http://www.w3.org/2001/XMLSchema#string"},{"name":"column_b","title":"Column B","type":"number","rdfType":"http://www.w3.org/2001/XMLSchema#decimal"},{"name":"column_c","title":"Column C","type":"number","rdfType":"http://www.w3.org/2001/XMLSchema#decimal"},{"name":"column_d","title":"Column D","type":"number","rdfType":"http://www.w3.org/2001/XMLSchema#decimal"},{"name":"column_e","title":"Column E","type":"number","rdfType":"http://www.w3.org/2001/XMLSchema#decimal"},{"name":"column_f","title":"Column F","type":"number","rdfType":"http://www.w3.org/2001/XMLSchema#decimal"},{"name":"column_g","title":"Column G","type":"number","rdfType":"http://www.w3.org/2001/XMLSchema#decimal"},{"name":"column_h","title":"Column H","type":"number","rdfType":"http://www.w3.org/2001/XMLSchema#decimal"},{"name":"column_i","title":"Column I","type":"number","rdfType":"http://www.w3.org/2001/XMLSchema#decimal"},{"name":"column_j","title":"Column J","type":"number","rdfType":"http://www.w3.org/2001/XMLSchema#decimal"},{"name":"column_k","title":"Column K","type":"number","rdfType":"http://www.w3.org/2001/XMLSchema#decimal"},{"name":"column_l","title":"Column L","type":"number","rdfType":"http://www.w3.org/2001/XMLSchema#decimal"},{"name":"column_m","title":"Column M","type":"number","rdfType":"http://www.w3.org/2001/XMLSchema#decimal"},{"name":"column_n","title":"Column N","type":"number","rdfType":"http://www.w3.org/2001/XMLSchema#decimal"},{"name":"column_o","title":"Column O","type":"number","rdfType":"http://www.w3.org/2001/XMLSchema#decimal"},{"name":"column_p","title":"Column P","type":"number","rdfType":"http://www.w3.org/2001/XMLSchema#decimal"},{"name":"column_q","title":"Column Q","type":"number","rdfType":"http://www.w3.org/2001/XMLSchema#decimal"},{"name":"column_r","title":"Column R","type":"number","rdfType":"http://www.w3.org/2001/XMLSchema#decimal"},{"name":"column_s","title":"Column S","type":"number","rdfType":"http://www.w3.org/2001/XMLSchema#decimal"},{"name":"column_t","title":"Column T","type":"number","rdfType":"http://www.w3.org/2001/XMLSchema#decimal"},{"name":"column_u","title":"Column U","type":"number","rdfType":"http://www.w3.org/2001/XMLSchema#decimal"},{"name":"column_v","title":"Column V","type":"number","rdfType":"http://www.w3.org/2001/XMLSchema#decimal"},{"name":"column_w","title":"Column W","type":"number","rdfType":"http://www.w3.org/2001/XMLSchema#decimal"},{"name":"column_x","title":"Column X","type":"number","rdfType":"http://www.w3.org/2001/XMLSchema#decimal"},{"name":"column_y","title":"Column Y","type":"number","rdfType":"http://www.w3.org/2001/XMLSchema#decimal"},{"name":"column_z","title":"Column Z","type":"number","rdfType":"http://www.w3.org/2001/XMLSchema#decimal"},{"name":"column_aa","title":"Column AA","type":"number","rdfType":"http://www.w3.org/2001/XMLSchema#decimal"},{"name":"column_ab","title":"Column AB","type":"number","rdfType":"http://www.w3.org/2001/XMLSchema#decimal"},{"name":"column_ac","title":"Column AC","type":"number","rdfType":"http://www.w3.org/2001/XMLSchema#decimal"},{"name":"column_ad","title":"Column AD","type":"number","rdfType":"http://www.w3.org/2001/XMLSchema#decimal"},{"name":"column_ae","title":"Column AE","type":"number","rdfType":"http://www.w3.org/2001/XMLSchema#decimal"},{"name":"column_af","title":"Column AF","type":"number","rdfType":"http://www.w3.org/2001/XMLSchema#decimal"},{"name":"column_ag","title":"Column AG","type":"number","rdfType":"http://www.w3.org/2001/XMLSchema#decimal"},{"name":"column_ah","title":"Column AH","type":"number","rdfType":"http://www.w3.org/2001/XMLSchema#decimal"},{"name":"column_ai","title":"Column AI","type":"number","rdfType":"http://www.w3.org/2001/XMLSchema#decimal"},{"name":"column_aj","title":"Column AJ","type":"number","rdfType":"http://www.w3.org/2001/XMLSchema#decimal"},{"name":"column_ak","title":"Column AK","type":"number","rdfType":"http://www.w3.org/2001/XMLSchema#decimal"},{"name":"column_al","title":"Column AL","type":"number","rdfType":"http://www.w3.org/2001/XMLSchema#decimal"},{"name":"column_am","title":"Column AM","type":"number","rdfType":"http://www.w3.org/2001/XMLSchema#decimal"},{"name":"column_an","title":"Column AN","type":"number","rdfType":"http://www.w3.org/2001/XMLSchema#decimal"},{"name":"column_ao","title":"Column AO","type":"number","rdfType":"http://www.w3.org/2001/XMLSchema#decimal"},{"name":"column_ap","title":"Column AP","type":"number","rdfType":"http://www.w3.org/2001/XMLSchema#decimal"},{"name":"column_aq","title":"Column AQ","type":"number","rdfType":"http://www.w3.org/2001/XMLSchema#decimal"},{"name":"column_ar","title":"Column AR","type":"number","rdfType":"http://www.w3.org/2001/XMLSchema#decimal"},{"name":"column_as","title":"Column AS","type":"number","rdfType":"http://www.w3.org/2001/XMLSchema#decimal"},{"name":"column_at","title":"Column AT","type":"number","rdfType":"http://www.w3.org/2001/XMLSchema#decimal"},{"name":"column_au","title":"Column AU","type":"number","rdfType":"http://www.w3.org/2001/XMLSchema#decimal"},{"name":"column_av","title":"Column AV","type":"number","rdfType":"http://www.w3.org/2001/XMLSchema#decimal"},{"name":"column_aw","title":"Column AW","type":"number","rdfType":"http://www.w3.org/2001/XMLSchema#decimal"},{"name":"column_ax","title":"Column AX","type":"number","rdfType":"http://www.w3.org/2001/XMLSchema#decimal"}]},"path":"data/nba.csv","format":"csv"},{"name":"original/nba.tsv","path":"original/nba.tsv","format":"tsv","mediatype":"text/tab-separated-values","bytes":11992},{"name":"original/readme.md","path":"original/readme.md","format":"md","mediatype":"text/plain","bytes":407}],"keywords":["basketball","nba","bball","professional","sports","entertainment","carmelo","sports analytics","forecasting"]}