{"name":"sanfrancisco_88sg-xei9","title":"Recreation and Parks Functional Areas","description":"Functional areas maintained by the Recreation and Parks Department.\n\nFunctional areas maintained by the Recreation and Parks Department. A functional area is a physical area within a facility designated for a specific purpose.This includes a mix of recreation areas and non-recreation facilities like roadways, basketball courts, playgrounds, picnic areas, etc.\n\nSource: https://data.sfgov.org/d/88sg-xei9  \nLast updated at https://datasf.org/opendata/ : 2017-05-11  \n\n\nLicense - \nBy agreeing to use this data you agree to data.world's [Terms of Use](https://data.world/terms/) and the City of San Francisco's [Terms of Use](https://datasf.org/opendata/terms-of-use/), including indemnification provisions.","homepage":"https://data.world/sanfrancisco/88sg-xei9","license":"PDDL","resources":[{"name":"recreation_and_parks_functional_areas_1","schema":{"fields":[{"name":"object_id","title":"Object ID","type":"integer","rdfType":"http://www.w3.org/2001/XMLSchema#integer"},{"name":"map_label","title":"Map Label","type":"string","rdfType":"http://www.w3.org/2001/XMLSchema#string"},{"name":"area_id","title":"Area ID","type":"integer","rdfType":"http://www.w3.org/2001/XMLSchema#integer"},{"name":"area_type","title":"Area Type","type":"string","rdfType":"http://www.w3.org/2001/XMLSchema#string"},{"name":"area_subtype","title":"Area Subtype","type":"string","rdfType":"http://www.w3.org/2001/XMLSchema#string"},{"name":"area_number","title":"Area Number","type":"string","rdfType":"http://www.w3.org/2001/XMLSchema#string"},{"name":"facility","title":"Facility","type":"string","rdfType":"http://www.w3.org/2001/XMLSchema#string"},{"name":"facility_id","title":"Facility ID","type":"integer","rdfType":"http://www.w3.org/2001/XMLSchema#integer"},{"name":"property_id","title":"Property ID","type":"integer","rdfType":"http://www.w3.org/2001/XMLSchema#integer"},{"name":"square_feet","title":"Square Feet","type":"number","rdfType":"http://www.w3.org/2001/XMLSchema#decimal"},{"name":"perimeter_length","title":"Perimeter Length","type":"number","rdfType":"http://www.w3.org/2001/XMLSchema#decimal"},{"name":"longitude","title":"Longitude","type":"number","rdfType":"http://www.w3.org/2001/XMLSchema#decimal"},{"name":"latitude","title":"Latitude","type":"number","rdfType":"http://www.w3.org/2001/XMLSchema#decimal"},{"name":"shape","title":"Shape","type":"string","rdfType":"http://www.w3.org/2001/XMLSchema#string"},{"name":"geom","title":"Geom","type":"string","rdfType":"http://www.w3.org/2001/XMLSchema#string"},{"name":"location","title":" Location","type":"string","rdfType":"http://www.opengis.net/ont/OGC-GeoSPARQL/1.0/Point"}]},"path":"data/recreation_and_parks_functional_areas_1.csv","format":"csv"},{"name":"original/recreation-and-parks-functional-areas_1.csv","path":"original/recreation-and-parks-functional-areas_1.csv","format":"csv","mediatype":"text/csv","bytes":18094342}],"keywords":["sfrpd","gis","basketball","recreation","picnic area","playgrounds","facility","facilities","culture and recreation"]}