{"name":"gmoney_nba-players-birthplaces","title":"NBA Players' Birthplaces","description":"Source: http://www.basketball-reference.com/friv/birthplaces.cgi\nNBA Players' birthplaces through the 2016 Draft Class.\n\n**NBA & ABA Player Birth Places**   \nPlayers must have debuted in the NBA/BAA or ABA to appear on this list.  \n\n**_Source_:** [basketball-reference.com](basketball-reference.com/friv/birthplaces.cgi)\n___\n\n![nba_home_towns.png](https://data.world/api/gmoney/dataset/nba-players-birthplaces/file/raw/nba_home_towns.png)   \n**Data Viz Creator:** [nrippner](https://data.world/nrippner/)","homepage":"https://data.world/gmoney/nba-players-birthplaces","resources":[{"name":"nba_players_by_state","schema":{"fields":[{"name":"player","title":"Player","description":"Player first and last name","type":"string","rdfType":"http://www.w3.org/2001/XMLSchema#string"},{"name":"yrs","title":"Yrs","description":"number of years","type":"integer","rdfType":"http://www.w3.org/2001/XMLSchema#integer"},{"name":"g","title":"G","description":"games","type":"integer","rdfType":"http://www.w3.org/2001/XMLSchema#integer"},{"name":"mp","title":"MP","description":"minutes played","type":"integer","rdfType":"http://www.w3.org/2001/XMLSchema#integer"},{"name":"fg","title":"FG","description":"field goals","type":"integer","rdfType":"http://www.w3.org/2001/XMLSchema#integer"},{"name":"fga","title":"FGA","description":"field goal attempts","type":"integer","rdfType":"http://www.w3.org/2001/XMLSchema#integer"},{"name":"3p","title":"3P","description":"3-point field goals","type":"integer","rdfType":"http://www.w3.org/2001/XMLSchema#integer"},{"name":"3pa","title":"3PA","description":"3-point field goal attempts","type":"integer","rdfType":"http://www.w3.org/2001/XMLSchema#integer"},{"name":"ft","title":"FT","description":"free throws","type":"integer","rdfType":"http://www.w3.org/2001/XMLSchema#integer"},{"name":"fta","title":"FTA","description":"free throw attempts","type":"integer","rdfType":"http://www.w3.org/2001/XMLSchema#integer"},{"name":"orb","title":"ORB","description":"offensive rebounds","type":"integer","rdfType":"http://www.w3.org/2001/XMLSchema#integer"},{"name":"trb","title":"TRB","description":"total rebounds","type":"integer","rdfType":"http://www.w3.org/2001/XMLSchema#integer"},{"name":"ast","title":"AST","description":"assists","type":"integer","rdfType":"http://www.w3.org/2001/XMLSchema#integer"},{"name":"stl","title":"STL","description":"steals","type":"integer","rdfType":"http://www.w3.org/2001/XMLSchema#integer"},{"name":"blk","title":"BLK","description":"blocks","type":"integer","rdfType":"http://www.w3.org/2001/XMLSchema#integer"},{"name":"tov","title":"TOV","description":"turnovers","type":"integer","rdfType":"http://www.w3.org/2001/XMLSchema#integer"},{"name":"pf","title":"PF","description":"personal fouls","type":"integer","rdfType":"http://www.w3.org/2001/XMLSchema#integer"},{"name":"pts","title":"PTS","description":"points","type":"integer","rdfType":"http://www.w3.org/2001/XMLSchema#integer"},{"name":"fg_2","title":"FG%","description":"field goal percentage","type":"number","rdfType":"http://www.w3.org/2001/XMLSchema#decimal"},{"name":"3p_2","title":"3P%","description":"3-point field goal percentage","type":"number","rdfType":"http://www.w3.org/2001/XMLSchema#decimal"},{"name":"ft_2","title":"FT%","description":"free throw percentage","type":"number","rdfType":"http://www.w3.org/2001/XMLSchema#decimal"},{"name":"mp_2","title":"MP","description":"minutes played per game","type":"number","rdfType":"http://www.w3.org/2001/XMLSchema#decimal"},{"name":"pts_2","title":"PTS","description":"points per game","type":"number","rdfType":"http://www.w3.org/2001/XMLSchema#decimal"},{"name":"trb_2","title":"TRB","description":"total rebounds per game","type":"number","rdfType":"http://www.w3.org/2001/XMLSchema#decimal"},{"name":"ast_2","title":"AST","description":"assists per game","type":"number","rdfType":"http://www.w3.org/2001/XMLSchema#decimal"},{"name":"date","title":"Date","description":"birth date","type":"string","rdfType":"http://www.w3.org/2001/XMLSchema#string"},{"name":"city","title":"City","description":"birth city","type":"string","rdfType":"http://www.w3.org/2001/XMLSchema#string"},{"name":"state","title":"State","description":"birth state","type":"string","rdfType":"http://www.w3.org/2001/XMLSchema#string"}]},"path":"data/nba_players_by_state.csv","format":"csv"},{"name":"original/NBA Players by State.xlsx","path":"original/NBA Players by State.xlsx","format":"xlsx","mediatype":"application/vnd.openxmlformats-officedocument.spreadsheetml.sheet","bytes":570541},{"name":"original/nba_home_towns.png","path":"original/nba_home_towns.png","format":"png","mediatype":"image/png","bytes":126139}],"keywords":["nba","geography","birthplaces","basketball","sports"]}