{"name":"gmoney_nba-team-records-by-year","title":"NBA Team Records by Year","description":"NBA team historical records\n\nNBA teams's historical records.\n\nSource: http://www.landofbasketball.com/nba_teams_year_by_year.htm","homepage":"https://data.world/gmoney/nba-team-records-by-year","resources":[{"name":"historical_nba_performance","schema":{"fields":[{"name":"year","title":"Year","type":"string","rdfType":"http://www.w3.org/2001/XMLSchema#string"},{"name":"team","title":"Team","type":"string","rdfType":"http://www.w3.org/2001/XMLSchema#string"},{"name":"record","title":"Record","type":"string","rdfType":"http://www.w3.org/2001/XMLSchema#string"},{"name":"winning_percentage","title":"Winning Percentage","type":"number","rdfType":"http://www.w3.org/2001/XMLSchema#decimal"}]},"path":"data/historical_nba_performance.csv","format":"csv"},{"name":"original/Historical NBA Performance.xlsx","path":"original/Historical NBA Performance.xlsx","format":"xlsx","mediatype":"application/vnd.openxmlformats-officedocument.spreadsheetml.sheet","bytes":111217}],"keywords":["nba","basketball","standings","record","sports","sport"]}