team_id,team_name,team_seed,team_region,playin_flag,team_alive,rd1_win,rd2_win,rd3_win,rd4_win,rd5_win,rd6_win,rd7_win,win_odds,timestamp
41,Connecticut,1,Albany,,true,true,true,true,1,0.989690183452,0.935792563436,0.818296230293,0.2220513342,2015-03-28 18:46:57.700000
2597,St. Francis (NY),16,Albany,,false,true,false,false,0,0,0,0,--,2015-03-28 18:46:57.700000
164,Rutgers,8,Albany,,false,true,true,false,0,0,0,0,--,2015-03-28 18:46:57.700000
2550,Seton Hall,9,Albany,,false,true,false,false,0,0,0,0,--,2015-03-28 18:46:57.700000
251,Texas,5,Albany,,false,true,true,true,0,0,0,0,--,2015-03-28 18:46:57.700000
98,Western Kentucky,12,Albany,,false,true,false,false,0,0,0,0,--,2015-03-28 18:46:57.700000
25,California,4,Albany,,false,true,true,false,0,0,0,0,--,2015-03-28 18:46:57.700000
2724,Wichita State,13,Albany,,false,true,false,false,0,0,0,0,--,2015-03-28 18:46:57.700000
58,South Florida,6,Albany,,false,true,true,false,0,0,0,0,--,2015-03-28 18:46:57.700000
99,LSU,11,Albany,,false,true,false,false,0,0,0,0,--,2015-03-28 18:46:57.700000
97,Louisville,3,Albany,,false,true,true,true,0,0,0,0,--,2015-03-28 18:46:57.700000
252,Brigham Young,14,Albany,,false,true,false,false,0,0,0,0,--,2015-03-28 18:46:57.700000
2168,Dayton,7,Albany,,true,true,true,true,1,0.0103098165482,0.0033785694087,0.000623412767983,1603.07365931,2015-03-28 18:46:57.700000
66,Iowa State,10,Albany,,false,true,false,false,0,0,0,0,--,2015-03-28 18:46:57.700000
96,Kentucky,2,Albany,,false,true,true,false,0,0,0,0,--,2015-03-28 18:46:57.700000
2634,Tennessee State,15,Albany,,false,true,false,false,0,0,0,0,--,2015-03-28 18:46:57.700000
120,Maryland,1,Spokane,,true,true,true,true,1,0.620611588965,0.0432670484177,0.0162643762575,60.484067029,2015-03-28 18:46:57.700000
166,New Mexico State,16,Spokane,,false,true,false,false,0,0,0,0,--,2015-03-28 18:46:57.700000
163,Princeton,8,Spokane,,false,true,true,false,0,0,0,0,--,2015-03-28 18:46:57.700000
2739,Green Bay,9,Spokane,,false,true,false,false,0,0,0,0,--,2015-03-28 18:46:57.700000
344,Mississippi State,5,Spokane,,false,true,true,false,0,0,0,0,--,2015-03-28 18:46:57.700000
2655,Tulane,12,Spokane,,false,true,false,false,0,0,0,0,--,2015-03-28 18:46:57.700000
150,Duke,4,Spokane,,false,true,true,true,0,0,0,0,--,2015-03-28 18:46:57.700000
399,Albany,13,Spokane,,false,true,false,false,0,0,0,0,--,2015-03-28 18:46:57.700000
45,George Washington,6,Spokane,,false,true,false,false,0,0,0,0,--,2015-03-28 18:46:57.700000
2250,Gonzaga,11,Spokane,,true,true,true,true,0.31108134088,0.0872582954971,0.000881345370983,0.0000798001555655,12530.3038918,2015-03-28 18:46:57.700000
204,Oregon State,3,Spokane,,false,true,true,false,0,0,0,0,--,2015-03-28 18:46:57.700000
2571,South Dakota State,14,Spokane,,false,true,false,false,0,0,0,0,--,2015-03-28 18:46:57.700000
236,Chattanooga,7,Spokane,,false,true,false,false,0,0,0,0,--,2015-03-28 18:46:57.700000
221,Pittsburgh,10,Spokane,,false,true,true,false,0,0,0,0,--,2015-03-28 18:46:57.700000
2633,Tennessee,2,Spokane,,true,true,true,true,0.68891865912,0.292130115538,0.016680473367,0.00547891951968,181.517738472,2015-03-28 18:46:57.700000
68,Boise State,15,Spokane,,false,true,false,false,0,0,0,0,--,2015-03-28 18:46:57.700000
2579,South Carolina,1,Greensboro,,true,true,true,true,1,0.776849988534,0.410798363254,0.0686794986767,13.5603858396,2015-03-28 18:46:57.700000
2542,Savannah State,16,Greensboro,,false,true,false,false,0,0,0,0,--,2015-03-28 18:46:57.700000
183,Syracuse,8,Greensboro,,false,true,true,false,0,0,0,0,--,2015-03-28 18:46:57.700000
158,Nebraska,9,Greensboro,,false,true,false,false,0,0,0,0,--,2015-03-28 18:46:57.700000
194,Ohio State,5,Greensboro,,false,true,true,false,0,0,0,0,--,2015-03-28 18:46:57.700000
256,James Madison,12,Greensboro,,false,true,false,false,0,0,0,0,--,2015-03-28 18:46:57.700000
153,North Carolina,4,Greensboro,,false,true,true,true,0,0,0,0,--,2015-03-28 18:46:57.700000
2335,Liberty,13,Greensboro,,false,true,false,false,0,0,0,0,--,2015-03-28 18:46:57.700000
245,Texas A&M,6,Greensboro,,false,true,false,false,0,0,0,0,--,2015-03-28 18:46:57.700000
2031,Arkansas-Little Rock,11,Greensboro,,false,true,true,false,0,0,0,0,--,2015-03-28 18:46:57.700000
9,Arizona State,3,Greensboro,,false,true,true,true,0,0,0,0,--,2015-03-28 18:46:57.700000
195,Ohio,14,Greensboro,,false,true,false,false,0,0,0,0,--,2015-03-28 18:46:57.700000
526,Florida Gulf Coast,7,Greensboro,,false,true,true,false,0,0,0,0,--,2015-03-28 18:46:57.700000
197,Oklahoma State,10,Greensboro,,false,true,false,false,0,0,0,0,--,2015-03-28 18:46:57.700000
52,Florida State,2,Greensboro,,true,true,true,true,1,0.223150011466,0.0742816992413,0.00679628663857,146.139173667,2015-03-28 18:46:57.700000
2011,Alabama State,15,Greensboro,,false,true,false,false,0,0,0,0,--,2015-03-28 18:46:57.700000
87,Notre Dame,1,Oklahoma City,,true,true,true,true,1,0.629337344095,0.359203006065,0.065424505074,14.2847927374,2015-03-28 18:46:57.700000
149,Montana,16,Oklahoma City,,false,true,false,false,0,0,0,0,--,2015-03-28 18:46:57.700000
135,Minnesota,8,Oklahoma City,,false,true,false,false,0,0,0,0,--,2015-03-28 18:46:57.700000
305,DePaul,9,Oklahoma City,,false,true,true,false,0,0,0,0,--,2015-03-28 18:46:57.700000
201,Oklahoma,5,Oklahoma City,,false,true,true,false,0,0,0,0,--,2015-03-28 18:46:57.700000
2514,Quinnipiac,12,Oklahoma City,,false,true,false,false,0,0,0,0,--,2015-03-28 18:46:57.700000
24,Stanford,4,Oklahoma City,,false,true,true,true,0,0,0,0,--,2015-03-28 18:46:57.700000
2463,Cal State Northridge,13,Oklahoma City,,false,true,false,false,0,0,0,0,--,2015-03-28 18:46:57.700000
264,Washington,6,Oklahoma City,,false,true,false,false,0,0,0,0,--,2015-03-28 18:46:57.700000
2390,Miami (FL),11,Oklahoma City,,false,true,true,false,0,0,0,0,--,2015-03-28 18:46:57.700000
2294,Iowa,3,Oklahoma City,,false,true,true,true,0,0,0,0,--,2015-03-28 18:46:57.700000
44,American University,14,Oklahoma City,,false,true,false,false,0,0,0,0,--,2015-03-28 18:46:57.700000
77,Northwestern,7,Oklahoma City,,false,true,false,false,0,0,0,0,--,2015-03-28 18:46:57.700000
8,Arkansas,10,Oklahoma City,,false,true,true,false,0,0,0,0,--,2015-03-28 18:46:57.700000
239,Baylor,2,Oklahoma City,,true,true,true,true,1,0.370662655905,0.15571693144,0.0183569706172,53.4752192971,2015-03-28 18:46:57.700000
2466,Northwestern State,15,Oklahoma City,,false,true,false,false,0,0,0,0,--,2015-03-28 18:46:57.700000
