team_id,team_name,team_seed,team_region,playin_flag,team_alive,rd1_win,rd2_win,rd3_win,rd4_win,rd5_win,rd6_win,rd7_win,win_odds,timestamp
41,Connecticut,1,Albany,,true,true,true,true,1,0.989690183452,0.940930463871,0.822690629035,0.21552375183,2015-03-28 17:00:41.640000
2597,St. Francis (NY),16,Albany,,false,true,false,false,0,0,0,0,--,2015-03-28 17:00:41.640000
164,Rutgers,8,Albany,,false,true,true,false,0,0,0,0,--,2015-03-28 17:00:41.640000
2550,Seton Hall,9,Albany,,false,true,false,false,0,0,0,0,--,2015-03-28 17:00:41.640000
251,Texas,5,Albany,,false,true,true,true,0,0,0,0,--,2015-03-28 17:00:41.640000
98,Western Kentucky,12,Albany,,false,true,false,false,0,0,0,0,--,2015-03-28 17:00:41.640000
25,California,4,Albany,,false,true,true,false,0,0,0,0,--,2015-03-28 17:00:41.640000
2724,Wichita State,13,Albany,,false,true,false,false,0,0,0,0,--,2015-03-28 17:00:41.640000
58,South Florida,6,Albany,,false,true,true,false,0,0,0,0,--,2015-03-28 17:00:41.640000
99,LSU,11,Albany,,false,true,false,false,0,0,0,0,--,2015-03-28 17:00:41.640000
97,Louisville,3,Albany,,false,true,true,true,0,0,0,0,--,2015-03-28 17:00:41.640000
252,Brigham Young,14,Albany,,false,true,false,false,0,0,0,0,--,2015-03-28 17:00:41.640000
2168,Dayton,7,Albany,,true,true,true,true,1,0.0103098165482,0.00367796961067,0.000673083946226,1484.69878335,2015-03-28 17:00:41.640000
66,Iowa State,10,Albany,,false,true,false,false,0,0,0,0,--,2015-03-28 17:00:41.640000
96,Kentucky,2,Albany,,false,true,true,false,0,0,0,0,--,2015-03-28 17:00:41.640000
2634,Tennessee State,15,Albany,,false,true,false,false,0,0,0,0,--,2015-03-28 17:00:41.640000
120,Maryland,1,Spokane,,true,true,true,true,0.734506138555,0.457691823395,0.032231915155,0.0121983382499,80.9783793101,2015-03-28 17:00:41.640000
166,New Mexico State,16,Spokane,,false,true,false,false,0,0,0,0,--,2015-03-28 17:00:41.640000
163,Princeton,8,Spokane,,false,true,true,false,0,0,0,0,--,2015-03-28 17:00:41.640000
2739,Green Bay,9,Spokane,,false,true,false,false,0,0,0,0,--,2015-03-28 17:00:41.640000
344,Mississippi State,5,Spokane,,false,true,true,false,0,0,0,0,--,2015-03-28 17:00:41.640000
2655,Tulane,12,Spokane,,false,true,false,false,0,0,0,0,--,2015-03-28 17:00:41.640000
150,Duke,4,Spokane,,true,true,true,true,0.265493861445,0.106575518096,0.00350506680876,0.000787511142313,1268.82330315,2015-03-28 17:00:41.640000
399,Albany,13,Spokane,,false,true,false,false,0,0,0,0,--,2015-03-28 17:00:41.640000
45,George Washington,6,Spokane,,false,true,false,false,0,0,0,0,--,2015-03-28 17:00:41.640000
2250,Gonzaga,11,Spokane,,true,true,true,true,0.31108134088,0.104107913112,0.00102667021811,0.0000909820602638,10990.1777893,2015-03-28 17:00:41.640000
204,Oregon State,3,Spokane,,false,true,true,false,0,0,0,0,--,2015-03-28 17:00:41.640000
2571,South Dakota State,14,Spokane,,false,true,false,false,0,0,0,0,--,2015-03-28 17:00:41.640000
236,Chattanooga,7,Spokane,,false,true,false,false,0,0,0,0,--,2015-03-28 17:00:41.640000
221,Pittsburgh,10,Spokane,,false,true,true,false,0,0,0,0,--,2015-03-28 17:00:41.640000
2633,Tennessee,2,Spokane,,true,true,true,true,0.68891865912,0.331624745397,0.0186279143368,0.00604799239469,164.344123263,2015-03-28 17:00:41.640000
68,Boise State,15,Spokane,,false,true,false,false,0,0,0,0,--,2015-03-28 17:00:41.640000
2579,South Carolina,1,Greensboro,,true,true,true,true,1,0.776849988534,0.410798363254,0.0679242805115,13.7222759295,2015-03-28 17:00:41.640000
2542,Savannah State,16,Greensboro,,false,true,false,false,0,0,0,0,--,2015-03-28 17:00:41.640000
183,Syracuse,8,Greensboro,,false,true,true,false,0,0,0,0,--,2015-03-28 17:00:41.640000
158,Nebraska,9,Greensboro,,false,true,false,false,0,0,0,0,--,2015-03-28 17:00:41.640000
194,Ohio State,5,Greensboro,,false,true,true,false,0,0,0,0,--,2015-03-28 17:00:41.640000
256,James Madison,12,Greensboro,,false,true,false,false,0,0,0,0,--,2015-03-28 17:00:41.640000
153,North Carolina,4,Greensboro,,false,true,true,true,0,0,0,0,--,2015-03-28 17:00:41.640000
2335,Liberty,13,Greensboro,,false,true,false,false,0,0,0,0,--,2015-03-28 17:00:41.640000
245,Texas A&M,6,Greensboro,,false,true,false,false,0,0,0,0,--,2015-03-28 17:00:41.640000
2031,Arkansas-Little Rock,11,Greensboro,,false,true,true,false,0,0,0,0,--,2015-03-28 17:00:41.640000
9,Arizona State,3,Greensboro,,false,true,true,true,0,0,0,0,--,2015-03-28 17:00:41.640000
195,Ohio,14,Greensboro,,false,true,false,false,0,0,0,0,--,2015-03-28 17:00:41.640000
526,Florida Gulf Coast,7,Greensboro,,false,true,true,false,0,0,0,0,--,2015-03-28 17:00:41.640000
197,Oklahoma State,10,Greensboro,,false,true,false,false,0,0,0,0,--,2015-03-28 17:00:41.640000
52,Florida State,2,Greensboro,,true,true,true,true,1,0.223150011466,0.0742816992413,0.00671697953898,147.876439804,2015-03-28 17:00:41.640000
2011,Alabama State,15,Greensboro,,false,true,false,false,0,0,0,0,--,2015-03-28 17:00:41.640000
87,Notre Dame,1,Oklahoma City,,true,true,true,true,1,0.629337344095,0.359203006065,0.0647321037991,14.4482851832,2015-03-28 17:00:41.640000
149,Montana,16,Oklahoma City,,false,true,false,false,0,0,0,0,--,2015-03-28 17:00:41.640000
135,Minnesota,8,Oklahoma City,,false,true,false,false,0,0,0,0,--,2015-03-28 17:00:41.640000
305,DePaul,9,Oklahoma City,,false,true,true,false,0,0,0,0,--,2015-03-28 17:00:41.640000
201,Oklahoma,5,Oklahoma City,,false,true,true,false,0,0,0,0,--,2015-03-28 17:00:41.640000
2514,Quinnipiac,12,Oklahoma City,,false,true,false,false,0,0,0,0,--,2015-03-28 17:00:41.640000
24,Stanford,4,Oklahoma City,,false,true,true,true,0,0,0,0,--,2015-03-28 17:00:41.640000
2463,Cal State Northridge,13,Oklahoma City,,false,true,false,false,0,0,0,0,--,2015-03-28 17:00:41.640000
264,Washington,6,Oklahoma City,,false,true,false,false,0,0,0,0,--,2015-03-28 17:00:41.640000
2390,Miami (FL),11,Oklahoma City,,false,true,true,false,0,0,0,0,--,2015-03-28 17:00:41.640000
2294,Iowa,3,Oklahoma City,,false,true,true,true,0,0,0,0,--,2015-03-28 17:00:41.640000
44,American University,14,Oklahoma City,,false,true,false,false,0,0,0,0,--,2015-03-28 17:00:41.640000
77,Northwestern,7,Oklahoma City,,false,true,false,false,0,0,0,0,--,2015-03-28 17:00:41.640000
8,Arkansas,10,Oklahoma City,,false,true,true,false,0,0,0,0,--,2015-03-28 17:00:41.640000
239,Baylor,2,Oklahoma City,,true,true,true,true,1,0.370662655905,0.15571693144,0.0181380993218,54.1325683171,2015-03-28 17:00:41.640000
2466,Northwestern State,15,Oklahoma City,,false,true,false,false,0,0,0,0,--,2015-03-28 17:00:41.640000
