team_id,team_name,team_seed,team_region,playin_flag,team_alive,rd1_win,rd2_win,rd3_win,rd4_win,rd5_win,rd6_win,rd7_win,win_odds,timestamp
41,Connecticut,1,Albany,,true,true,true,true,0.988789411007,0.962913662431,0.902151653655,0.768613592711,0.301043865843,2015-03-27 22:22:50.090000
2597,St. Francis (NY),16,Albany,,false,true,false,false,0,0,0,0,--,2015-03-27 22:22:50.090000
164,Rutgers,8,Albany,,false,true,true,false,0,0,0,0,--,2015-03-27 22:22:50.090000
2550,Seton Hall,9,Albany,,false,true,false,false,0,0,0,0,--,2015-03-27 22:22:50.090000
251,Texas,5,Albany,,true,true,true,true,0.011210588993,0.00464591898075,0.00178369723061,0.000372515299633,2683.45350026,2015-03-27 22:22:50.090000
98,Western Kentucky,12,Albany,,false,true,false,false,0,0,0,0,--,2015-03-27 22:22:50.090000
25,California,4,Albany,,false,true,true,false,0,0,0,0,--,2015-03-27 22:22:50.090000
2724,Wichita State,13,Albany,,false,true,false,false,0,0,0,0,--,2015-03-27 22:22:50.090000
58,South Florida,6,Albany,,false,true,true,false,0,0,0,0,--,2015-03-27 22:22:50.090000
99,LSU,11,Albany,,false,true,false,false,0,0,0,0,--,2015-03-27 22:22:50.090000
97,Louisville,3,Albany,,true,true,true,true,0.714143582818,0.0275181539511,0.0142505611121,0.00447844188317,222.291945299,2015-03-27 22:22:50.090000
252,Brigham Young,14,Albany,,false,true,false,false,0,0,0,0,--,2015-03-27 22:22:50.090000
2168,Dayton,7,Albany,,true,true,true,true,0.285856417182,0.00492226463749,0.00160066944066,0.000271163904966,3686.80645833,2015-03-27 22:22:50.090000
66,Iowa State,10,Albany,,false,true,false,false,0,0,0,0,--,2015-03-27 22:22:50.090000
96,Kentucky,2,Albany,,false,true,true,false,0,0,0,0,--,2015-03-27 22:22:50.090000
2634,Tennessee State,15,Albany,,false,true,false,false,0,0,0,0,--,2015-03-27 22:22:50.090000
120,Maryland,1,Spokane,,true,true,true,true,0.734506138555,0.457691823395,0.0460367906169,0.017853534105,55.0113193343,2015-03-27 22:22:50.090000
166,New Mexico State,16,Spokane,,false,true,false,false,0,0,0,0,--,2015-03-27 22:22:50.090000
163,Princeton,8,Spokane,,false,true,true,false,0,0,0,0,--,2015-03-27 22:22:50.090000
2739,Green Bay,9,Spokane,,false,true,false,false,0,0,0,0,--,2015-03-27 22:22:50.090000
344,Mississippi State,5,Spokane,,false,true,true,false,0,0,0,0,--,2015-03-27 22:22:50.090000
2655,Tulane,12,Spokane,,false,true,false,false,0,0,0,0,--,2015-03-27 22:22:50.090000
150,Duke,4,Spokane,,true,true,true,true,0.265493861445,0.106575518096,0.00533564469606,0.00123573433608,808.235424477,2015-03-27 22:22:50.090000
399,Albany,13,Spokane,,false,true,false,false,0,0,0,0,--,2015-03-27 22:22:50.090000
45,George Washington,6,Spokane,,false,true,false,false,0,0,0,0,--,2015-03-27 22:22:50.090000
2250,Gonzaga,11,Spokane,,true,true,true,true,0.31108134088,0.104107913112,0.001680136912,0.000155436848044,6432.48094472,2015-03-27 22:22:50.090000
204,Oregon State,3,Spokane,,false,true,true,false,0,0,0,0,--,2015-03-27 22:22:50.090000
2571,South Dakota State,14,Spokane,,false,true,false,false,0,0,0,0,--,2015-03-27 22:22:50.090000
236,Chattanooga,7,Spokane,,false,true,false,false,0,0,0,0,--,2015-03-27 22:22:50.090000
221,Pittsburgh,10,Spokane,,false,true,true,false,0,0,0,0,--,2015-03-27 22:22:50.090000
2633,Tennessee,2,Spokane,,true,true,true,true,0.68891865912,0.331624745397,0.027160846337,0.00905124410685,109.482049561,2015-03-27 22:22:50.090000
68,Boise State,15,Spokane,,false,true,false,false,0,0,0,0,--,2015-03-27 22:22:50.090000
2579,South Carolina,1,Greensboro,,true,true,true,true,1,0.792643251935,0.445355336294,0.0952438903188,9.49936113122,2015-03-27 22:22:50.090000
2542,Savannah State,16,Greensboro,,false,true,false,false,0,0,0,0,--,2015-03-27 22:22:50.090000
183,Syracuse,8,Greensboro,,false,true,true,false,0,0,0,0,--,2015-03-27 22:22:50.090000
158,Nebraska,9,Greensboro,,false,true,false,false,0,0,0,0,--,2015-03-27 22:22:50.090000
194,Ohio State,5,Greensboro,,false,true,true,false,0,0,0,0,--,2015-03-27 22:22:50.090000
256,James Madison,12,Greensboro,,false,true,false,false,0,0,0,0,--,2015-03-27 22:22:50.090000
153,North Carolina,4,Greensboro,,false,true,true,true,0,0,0,0,--,2015-03-27 22:22:50.090000
2335,Liberty,13,Greensboro,,false,true,false,false,0,0,0,0,--,2015-03-27 22:22:50.090000
245,Texas A&M,6,Greensboro,,false,true,false,false,0,0,0,0,--,2015-03-27 22:22:50.090000
2031,Arkansas-Little Rock,11,Greensboro,,false,true,true,false,0,0,0,0,--,2015-03-27 22:22:50.090000
9,Arizona State,3,Greensboro,,true,true,true,true,0.235494163442,0.0227243724226,0.00392508305241,0.000211811652509,4720.17557346,2015-03-27 22:22:50.090000
195,Ohio,14,Greensboro,,false,true,false,false,0,0,0,0,--,2015-03-27 22:22:50.090000
526,Florida Gulf Coast,7,Greensboro,,false,true,true,false,0,0,0,0,--,2015-03-27 22:22:50.090000
197,Oklahoma State,10,Greensboro,,false,true,false,false,0,0,0,0,--,2015-03-27 22:22:50.090000
52,Florida State,2,Greensboro,,true,true,true,true,0.764505836558,0.184632375642,0.0719381750706,0.0096061588305,103.099881924,2015-03-27 22:22:50.090000
2011,Alabama State,15,Greensboro,,false,true,false,false,0,0,0,0,--,2015-03-27 22:22:50.090000
87,Notre Dame,1,Oklahoma City,,true,true,true,true,0.862541182062,0.527563420218,0.290417673117,0.0644107194572,14.5253660948,2015-03-27 22:22:50.090000
149,Montana,16,Oklahoma City,,false,true,false,false,0,0,0,0,--,2015-03-27 22:22:50.090000
135,Minnesota,8,Oklahoma City,,false,true,false,false,0,0,0,0,--,2015-03-27 22:22:50.090000
305,DePaul,9,Oklahoma City,,false,true,true,false,0,0,0,0,--,2015-03-27 22:22:50.090000
201,Oklahoma,5,Oklahoma City,,false,true,true,false,0,0,0,0,--,2015-03-27 22:22:50.090000
2514,Quinnipiac,12,Oklahoma City,,false,true,false,false,0,0,0,0,--,2015-03-27 22:22:50.090000
24,Stanford,4,Oklahoma City,,true,true,true,true,0.137458817938,0.0316548712446,0.00625906547403,0.000422377307736,2366.55143254,2015-03-27 22:22:50.090000
2463,Cal State Northridge,13,Oklahoma City,,false,true,false,false,0,0,0,0,--,2015-03-27 22:22:50.090000
264,Washington,6,Oklahoma City,,false,true,false,false,0,0,0,0,--,2015-03-27 22:22:50.090000
2390,Miami (FL),11,Oklahoma City,,false,true,true,false,0,0,0,0,--,2015-03-27 22:22:50.090000
2294,Iowa,3,Oklahoma City,,false,true,true,true,0,0,0,0,--,2015-03-27 22:22:50.090000
44,American University,14,Oklahoma City,,false,true,false,false,0,0,0,0,--,2015-03-27 22:22:50.090000
77,Northwestern,7,Oklahoma City,,false,true,false,false,0,0,0,0,--,2015-03-27 22:22:50.090000
8,Arkansas,10,Oklahoma City,,false,true,true,false,0,0,0,0,--,2015-03-27 22:22:50.090000
239,Baylor,2,Oklahoma City,,true,true,true,true,1,0.440781708537,0.182104666992,0.0280733792386,34.6209343913,2015-03-27 22:22:50.090000
2466,Northwestern State,15,Oklahoma City,,false,true,false,false,0,0,0,0,--,2015-03-27 22:22:50.090000
