team_id,team_name,team_seed,team_region,playin_flag,team_alive,rd1_win,rd2_win,rd3_win,rd4_win,rd5_win,rd6_win,rd7_win,win_odds,timestamp
96,Kentucky,1,Midwest,false,true,true,true,1,0.883550915058,0.732900210884,0.520559749608,0.406439318242,1.46039188414,2015-03-22 12:22:20.490000
2363,Manhattan,16a,Midwest,true,false,false,false,0,0,0,0,0,--,2015-03-22 12:22:20.490000
2261,Hampton,16b,Midwest,true,false,true,false,0,0,0,0,0,--,2015-03-22 12:22:20.490000
2132,Cincinnati,8,Midwest,false,false,true,true,0,0,0,0,0,--,2015-03-22 12:22:20.490000
2509,Purdue,9,Midwest,false,false,true,false,0,0,0,0,0,--,2015-03-22 12:22:20.490000
277,West Virginia,5,Midwest,false,true,true,true,0.547306147488,0.0687129821241,0.0325325291647,0.00982128691626,0.0040677681734,244.835051894,2015-03-22 12:22:20.490000
2084,Buffalo,12,Midwest,false,false,true,false,0,0,0,0,0,--,2015-03-22 12:22:20.490000
120,Maryland,4,Midwest,false,true,true,true,0.452693852512,0.0477361028174,0.0207447411245,0.00571844134767,0.00220938571792,451.614494558,2015-03-22 12:22:20.490000
2674,Valparaiso,13,Midwest,false,false,true,false,0,0,0,0,0,--,2015-03-22 12:22:20.490000
2086,Butler,6,Midwest,false,false,true,true,0,0,0,0,0,--,2015-03-22 12:22:20.490000
251,Texas,11,Midwest,false,false,true,false,0,0,0,0,0,--,2015-03-22 12:22:20.490000
87,Notre Dame,3,Midwest,false,true,true,true,1,0.501598319242,0.105914564198,0.0396597096656,0.0191830712284,51.1292960909,2015-03-22 12:22:20.490000
111,Northeastern,14,Midwest,false,false,true,false,0,0,0,0,0,--,2015-03-22 12:22:20.490000
2724,Wichita State,7,Midwest,false,true,true,true,0.430431822267,0.198242480174,0.0378119016881,0.013210620678,0.0061069614668,162.747553581,2015-03-22 12:22:20.490000
84,Indiana,10,Midwest,false,false,true,false,0,0,0,0,0,--,2015-03-22 12:22:20.490000
2305,Kansas,2,Midwest,false,true,true,true,0.569568177733,0.300159200583,0.0700960529403,0.0289300346003,0.0151815877172,64.8692633885,2015-03-22 12:22:20.490000
166,New Mexico State,15,Midwest,false,false,true,false,0,0,0,0,0,--,2015-03-22 12:22:20.490000
275,Wisconsin,1,West,false,true,true,true,0.868972295068,0.617631940936,0.259825148259,0.115564867238,0.0773266285332,11.9321557007,2015-03-22 12:22:20.490000
324,Coastal Carolina,16,West,false,false,true,false,0,0,0,0,0,--,2015-03-22 12:22:20.490000
2483,Oregon,8,West,false,true,true,true,0.131027704932,0.0559751865997,0.011115606638,0.00142566272514,0.000408712568621,2445.70723823,2015-03-22 12:22:20.490000
197,Oklahoma State,9,West,false,false,true,false,0,0,0,0,0,--,2015-03-22 12:22:20.490000
8,Arkansas,5,West,false,false,true,true,0,0,0,0,0,--,2015-03-22 12:22:20.490000
2747,Wofford,12,West,false,false,true,false,0,0,0,0,0,--,2015-03-22 12:22:20.490000
153,North Carolina,4,West,false,true,true,true,1,0.326392872465,0.0810676895537,0.0222330691501,0.0108662201645,91.0283212431,2015-03-22 12:22:20.490000
108,Harvard,13,West,false,false,true,false,0,0,0,0,0,--,2015-03-22 12:22:20.490000
2752,Xavier,6,West,false,true,true,true,1,0.131444962922,0.0429281646392,0.0108299534761,0.00504992411665,197.022777551,2015-03-22 12:22:20.490000
252,Brigham Young,11a,West,true,false,false,false,0,0,0,0,0,--,2015-03-22 12:22:20.490000
145,Ole Miss,11b,West,true,false,true,false,0,0,0,0,0,--,2015-03-22 12:22:20.490000
239,Baylor,3,West,false,false,true,false,0,0,0,0,0,--,2015-03-22 12:22:20.490000
2247,Georgia State,14,West,false,false,true,true,0,0,0,0,0,--,2015-03-22 12:22:20.490000
2670,Virginia Commonwealth,7,West,false,false,true,false,0,0,0,0,0,--,2015-03-22 12:22:20.490000
194,Ohio State,10,West,false,false,true,true,0,0,0,0,0,--,2015-03-22 12:22:20.490000
12,Arizona,2,West,false,true,true,true,1,0.868555037078,0.60506339091,0.232046604595,0.141380031092,6.07313467309,2015-03-22 12:22:20.490000
2640,Texas Southern,15,West,false,false,true,false,0,0,0,0,0,--,2015-03-22 12:22:20.490000
150,Duke,1,South,false,true,true,true,0.84953136715,0.544103751647,0.362553016838,0.224385433098,0.0873640428244,10.4463567352,2015-03-22 12:22:20.490000
2454,North Florida,16a,South,true,false,false,false,0,0,0,0,0,--,2015-03-22 12:22:20.490000
2523,Robert Morris,16b,South,true,false,true,false,0,0,0,0,0,--,2015-03-22 12:22:20.490000
21,San Diego State,8,South,false,true,true,true,0.15046863285,0.0607363046523,0.0274869449946,0.00981153238695,0.00180714221077,552.359881717,2015-03-22 12:22:20.490000
2599,St. John's,9,South,false,false,true,false,0,0,0,0,0,--,2015-03-22 12:22:20.490000
254,Utah,5,South,false,true,true,true,1,0.3951599437,0.213926734707,0.0966511776406,0.0239825188794,40.6970379563,2015-03-22 12:22:20.490000
2617,Stephen F. Austin,12,South,false,false,true,false,0,0,0,0,0,--,2015-03-22 12:22:20.490000
46,Georgetown,4,South,false,false,true,true,0,0,0,0,0,--,2015-03-22 12:22:20.490000
331,Eastern Washington,13,South,false,false,true,false,0,0,0,0,0,--,2015-03-22 12:22:20.490000
2567,Southern Methodist,6,South,false,false,true,false,0,0,0,0,0,--,2015-03-22 12:22:20.490000
26,UCLA,11,South,false,true,true,true,1,0.272839831007,0.0695753843948,0.0192047606105,0.00254662401866,391.676733068,2015-03-22 12:22:20.490000
66,Iowa State,3,South,false,false,true,false,0,0,0,0,0,--,2015-03-22 12:22:20.490000
5,UAB,14,South,false,false,true,true,0,0,0,0,0,--,2015-03-22 12:22:20.490000
2294,Iowa,7,South,false,true,true,true,0.271759966929,0.187270536941,0.0769478616738,0.0378773317372,0.0107640033778,91.9022376625,2015-03-22 12:22:20.490000
2166,Davidson,10,South,false,false,true,false,0,0,0,0,0,--,2015-03-22 12:22:20.490000
2250,Gonzaga,2,South,false,true,true,true,0.728240033071,0.539889632052,0.249510057392,0.121743057364,0.0333839580782,28.954506822,2015-03-22 12:22:20.490000
2449,North Dakota State,15,South,false,false,true,false,0,0,0,0,0,--,2015-03-22 12:22:20.490000
222,Villanova,1,East,false,false,true,true,0,0,0,0,0,--,2015-03-22 12:22:20.490000
322,Lafayette,16,East,false,false,true,false,0,0,0,0,0,--,2015-03-22 12:22:20.490000
152,North Carolina State,8,East,false,true,true,true,1,0.456903418681,0.14494085375,0.0484096563725,0.00844697861808,117.385525194,2015-03-22 12:22:20.490000
99,LSU,9,East,false,false,true,false,0,0,0,0,0,--,2015-03-22 12:22:20.490000
2460,Northern Iowa,5,East,false,true,true,true,0.534403279769,0.290887090821,0.102788368108,0.0419002203678,0.00945920405541,104.717140062,2015-03-22 12:22:20.490000
2751,Wyoming,12,East,false,false,true,false,0,0,0,0,0,--,2015-03-22 12:22:20.490000
97,Louisville,4,East,false,true,true,true,0.465596720231,0.252209490498,0.0880782495578,0.0373530584564,0.00881425748281,112.452551386,2015-03-22 12:22:20.490000
300,UC Irvine,13,East,false,false,true,false,0,0,0,0,0,--,2015-03-22 12:22:20.490000
2507,Providence,6,East,false,false,true,false,0,0,0,0,0,--,2015-03-22 12:22:20.490000
68,Boise State,11a,East,true,false,false,false,0,0,0,0,0,--,2015-03-22 12:22:20.490000
2168,Dayton,11b,East,true,true,true,true,0.375138399829,0.0880494645874,0.0402276279989,0.0143627420063,0.00274276419695,363.595688216,2015-03-22 12:22:20.490000
201,Oklahoma,3,East,false,true,true,true,0.624861600171,0.229739044588,0.137848119242,0.0638134295191,0.0168947950294,58.1898272964,2015-03-22 12:22:20.490000
399,Albany,14,East,false,false,true,false,0,0,0,0,0,--,2015-03-22 12:22:20.490000
127,Michigan State,7,East,false,true,true,true,0.279089940142,0.164393147558,0.102262100895,0.0498891844971,0.0142541563162,69.1549764026,2015-03-22 12:22:20.490000
61,Georgia,10,East,false,false,true,false,0,0,0,0,0,--,2015-03-22 12:22:20.490000
258,Virginia,2,East,false,true,true,true,0.720910059858,0.517818343267,0.383854680448,0.234598415944,0.091319945891,9.95051021158,2015-03-22 12:22:20.490000
2057,Belmont,15,East,false,false,true,false,0,0,0,0,0,--,2015-03-22 12:22:20.490000
