team_id,team_name,team_seed,team_region,playin_flag,team_alive,rd1_win,rd2_win,rd3_win,rd4_win,rd5_win,rd6_win,rd7_win,win_odds,timestamp
96,Kentucky,1,Midwest,false,true,true,true,1,0.883550915058,0.740548840296,0.525691798931,0.416540507266,1.40072689824,2015-03-22 22:14:13.640000
2363,Manhattan,16a,Midwest,true,false,false,false,0,0,0,0,0,--,2015-03-22 22:14:13.640000
2261,Hampton,16b,Midwest,true,false,true,false,0,0,0,0,0,--,2015-03-22 22:14:13.640000
2132,Cincinnati,8,Midwest,false,false,true,true,0,0,0,0,0,--,2015-03-22 22:14:13.640000
2509,Purdue,9,Midwest,false,false,true,false,0,0,0,0,0,--,2015-03-22 22:14:13.640000
277,West Virginia,5,Midwest,false,true,true,true,0.547306147488,0.0687129821241,0.0334466561374,0.00999376660746,0.00429251229264,231.963805768,2015-03-22 22:14:13.640000
2084,Buffalo,12,Midwest,false,false,true,false,0,0,0,0,0,--,2015-03-22 22:14:13.640000
120,Maryland,4,Midwest,false,true,true,true,0.452693852512,0.0477361028174,0.021371238933,0.00582335623649,0.00233754707655,426.79887089,2015-03-22 22:14:13.640000
2674,Valparaiso,13,Midwest,false,false,true,false,0,0,0,0,0,--,2015-03-22 22:14:13.640000
2086,Butler,6,Midwest,false,false,true,true,0,0,0,0,0,--,2015-03-22 22:14:13.640000
251,Texas,11,Midwest,false,false,true,false,0,0,0,0,0,--,2015-03-22 22:14:13.640000
87,Notre Dame,3,Midwest,false,true,true,true,1,0.527441397872,0.110869569148,0.0411298651787,0.0205095275375,47.7578272183,2015-03-22 22:14:13.640000
111,Northeastern,14,Midwest,false,false,true,false,0,0,0,0,0,--,2015-03-22 22:14:13.640000
2724,Wichita State,7,Midwest,false,true,true,true,1,0.472558602128,0.093763695486,0.0336008119272,0.016480747348,59.6768600287,2015-03-22 22:14:13.640000
84,Indiana,10,Midwest,false,false,true,false,0,0,0,0,0,--,2015-03-22 22:14:13.640000
2305,Kansas,2,Midwest,false,false,true,true,0,0,0,0,0,--,2015-03-22 22:14:13.640000
166,New Mexico State,15,Midwest,false,false,true,false,0,0,0,0,0,--,2015-03-22 22:14:13.640000
275,Wisconsin,1,West,false,true,true,true,1,0.69390661084,0.279483593955,0.119595436906,0.079660130183,11.5533312298,2015-03-22 22:14:13.640000
324,Coastal Carolina,16,West,false,false,true,false,0,0,0,0,0,--,2015-03-22 22:14:13.640000
2483,Oregon,8,West,false,false,true,true,0,0,0,0,0,--,2015-03-22 22:14:13.640000
197,Oklahoma State,9,West,false,false,true,false,0,0,0,0,0,--,2015-03-22 22:14:13.640000
8,Arkansas,5,West,false,false,true,true,0,0,0,0,0,--,2015-03-22 22:14:13.640000
2747,Wofford,12,West,false,false,true,false,0,0,0,0,0,--,2015-03-22 22:14:13.640000
153,North Carolina,4,West,false,true,true,true,1,0.30609338916,0.0770946786217,0.0215244411897,0.0109534798231,90.2951880268,2015-03-22 22:14:13.640000
108,Harvard,13,West,false,false,true,false,0,0,0,0,0,--,2015-03-22 22:14:13.640000
2752,Xavier,6,West,false,true,true,true,1,0.131444962922,0.0417990635876,0.0106684027777,0.00516113922006,192.755672413,2015-03-22 22:14:13.640000
252,Brigham Young,11a,West,true,false,false,false,0,0,0,0,0,--,2015-03-22 22:14:13.640000
145,Ole Miss,11b,West,true,false,true,false,0,0,0,0,0,--,2015-03-22 22:14:13.640000
239,Baylor,3,West,false,false,true,false,0,0,0,0,0,--,2015-03-22 22:14:13.640000
2247,Georgia State,14,West,false,false,true,true,0,0,0,0,0,--,2015-03-22 22:14:13.640000
2670,Virginia Commonwealth,7,West,false,false,true,false,0,0,0,0,0,--,2015-03-22 22:14:13.640000
194,Ohio State,10,West,false,false,true,true,0,0,0,0,0,--,2015-03-22 22:14:13.640000
12,Arizona,2,West,false,true,true,true,1,0.868555037078,0.601622663836,0.231972120246,0.145090983003,5.8922270654,2015-03-22 22:14:13.640000
2640,Texas Southern,15,West,false,false,true,false,0,0,0,0,0,--,2015-03-22 22:14:13.640000
150,Duke,1,South,false,true,true,true,1,0.655415187889,0.445978102592,0.308372491803,0.123978268604,7.065929709,2015-03-22 22:14:13.640000
2454,North Florida,16a,South,true,false,false,false,0,0,0,0,0,--,2015-03-22 22:14:13.640000
2523,Robert Morris,16b,South,true,false,true,false,0,0,0,0,0,--,2015-03-22 22:14:13.640000
21,San Diego State,8,South,false,false,true,true,0,0,0,0,0,--,2015-03-22 22:14:13.640000
2599,St. John's,9,South,false,false,true,false,0,0,0,0,0,--,2015-03-22 22:14:13.640000
254,Utah,5,South,false,true,true,true,1,0.344584812111,0.187680138034,0.0962981885093,0.0239882157447,40.6871354936,2015-03-22 22:14:13.640000
2617,Stephen F. Austin,12,South,false,false,true,false,0,0,0,0,0,--,2015-03-22 22:14:13.640000
46,Georgetown,4,South,false,false,true,true,0,0,0,0,0,--,2015-03-22 22:14:13.640000
331,Eastern Washington,13,South,false,false,true,false,0,0,0,0,0,--,2015-03-22 22:14:13.640000
2567,Southern Methodist,6,South,false,false,true,false,0,0,0,0,0,--,2015-03-22 22:14:13.640000
26,UCLA,11,South,false,true,true,true,1,0.272839831007,0.0626596295069,0.0202647725489,0.00268693857883,371.170770064,2015-03-22 22:14:13.640000
66,Iowa State,3,South,false,false,true,false,0,0,0,0,0,--,2015-03-22 22:14:13.640000
5,UAB,14,South,false,false,true,true,0,0,0,0,0,--,2015-03-22 22:14:13.640000
2294,Iowa,7,South,false,true,true,true,0.271759966929,0.187270536941,0.0711767743317,0.039347436466,0.0111583087606,88.6193161042,2015-03-22 22:14:13.640000
2166,Davidson,10,South,false,false,true,false,0,0,0,0,0,--,2015-03-22 22:14:13.640000
2250,Gonzaga,2,South,false,true,true,true,0.728240033071,0.539889632052,0.232505355536,0.127464575653,0.0348752996909,27.673588725,2015-03-22 22:14:13.640000
2449,North Dakota State,15,South,false,false,true,false,0,0,0,0,0,--,2015-03-22 22:14:13.640000
222,Villanova,1,East,false,false,true,true,0,0,0,0,0,--,2015-03-22 22:14:13.640000
322,Lafayette,16,East,false,false,true,false,0,0,0,0,0,--,2015-03-22 22:14:13.640000
152,North Carolina State,8,East,false,true,true,true,1,0.456903418681,0.17167992632,0.0530502536104,0.00921789886622,107.48459226,2015-03-22 22:14:13.640000
99,LSU,9,East,false,false,true,false,0,0,0,0,0,--,2015-03-22 22:14:13.640000
2460,Northern Iowa,5,East,false,true,true,true,0.534403279769,0.290887090821,0.120739659577,0.0459355575402,0.0103265585812,95.8376823834,2015-03-22 22:14:13.640000
2751,Wyoming,12,East,false,false,true,false,0,0,0,0,0,--,2015-03-22 22:14:13.640000
97,Louisville,4,East,false,true,true,true,0.465596720231,0.252209490498,0.103558346601,0.041070946574,0.00965153272028,102.610486436,2015-03-22 22:14:13.640000
300,UC Irvine,13,East,false,false,true,false,0,0,0,0,0,--,2015-03-22 22:14:13.640000
2507,Providence,6,East,false,false,true,false,0,0,0,0,0,--,2015-03-22 22:14:13.640000
68,Boise State,11a,East,true,false,false,false,0,0,0,0,0,--,2015-03-22 22:14:13.640000
2168,Dayton,11b,East,true,false,true,true,0,0,0,0,0,--,2015-03-22 22:14:13.640000
201,Oklahoma,3,East,false,true,true,true,1,0.459757726236,0.267750055813,0.112576114165,0.0283690360198,34.2496996832,2015-03-22 22:14:13.640000
399,Albany,14,East,false,false,true,false,0,0,0,0,0,--,2015-03-22 22:14:13.640000
127,Michigan State,7,East,false,true,true,true,1,0.540242273764,0.336272011688,0.15561966313,0.0447213686842,21.3606752079,2015-03-22 22:14:13.640000
61,Georgia,10,East,false,false,true,false,0,0,0,0,0,--,2015-03-22 22:14:13.640000
258,Virginia,2,East,false,false,true,true,0,0,0,0,0,--,2015-03-22 22:14:13.640000
2057,Belmont,15,East,false,false,true,false,0,0,0,0,0,--,2015-03-22 22:14:13.640000
