team_id,team_name,team_seed,team_region,playin_flag,team_alive,rd1_win,rd2_win,rd3_win,rd4_win,rd5_win,rd6_win,rd7_win,win_odds,timestamp
96,Kentucky,1,Midwest,false,true,true,true,1,0.883550915058,0.732900210884,0.520559749608,0.419822696566,1.38195792695,2015-03-22 14:59:35.010000
2363,Manhattan,16a,Midwest,true,false,false,false,0,0,0,0,0,--,2015-03-22 14:59:35.010000
2261,Hampton,16b,Midwest,true,false,true,false,0,0,0,0,0,--,2015-03-22 14:59:35.010000
2132,Cincinnati,8,Midwest,false,false,true,true,0,0,0,0,0,--,2015-03-22 14:59:35.010000
2509,Purdue,9,Midwest,false,false,true,false,0,0,0,0,0,--,2015-03-22 14:59:35.010000
277,West Virginia,5,Midwest,false,true,true,true,0.547306147488,0.0687129821241,0.0325325291647,0.00982128691626,0.00439831520977,226.359784897,2015-03-22 14:59:35.010000
2084,Buffalo,12,Midwest,false,false,true,false,0,0,0,0,0,--,2015-03-22 14:59:35.010000
120,Maryland,4,Midwest,false,true,true,true,0.452693852512,0.0477361028174,0.0207447411245,0.00571844134767,0.00239805044409,416.005406397,2015-03-22 14:59:35.010000
2674,Valparaiso,13,Midwest,false,false,true,false,0,0,0,0,0,--,2015-03-22 14:59:35.010000
2086,Butler,6,Midwest,false,false,true,true,0,0,0,0,0,--,2015-03-22 14:59:35.010000
251,Texas,11,Midwest,false,false,true,false,0,0,0,0,0,--,2015-03-22 14:59:35.010000
87,Notre Dame,3,Midwest,false,true,true,true,1,0.501598319242,0.105914564198,0.0396597096656,0.0205532609938,47.6540797736,2015-03-22 14:59:35.010000
111,Northeastern,14,Midwest,false,false,true,false,0,0,0,0,0,--,2015-03-22 14:59:35.010000
2724,Wichita State,7,Midwest,false,true,true,true,0.430431822267,0.198242480174,0.0378119016881,0.013210620678,0.00656126858353,151.409551182,2015-03-22 14:59:35.010000
84,Indiana,10,Midwest,false,false,true,false,0,0,0,0,0,--,2015-03-22 14:59:35.010000
2305,Kansas,2,Midwest,false,true,true,true,0.569568177733,0.300159200583,0.0700960529403,0.0289300346003,0.0161815882872,60.7986307803,2015-03-22 14:59:35.010000
166,New Mexico State,15,Midwest,false,false,true,false,0,0,0,0,0,--,2015-03-22 14:59:35.010000
275,Wisconsin,1,West,false,true,true,true,0.868972295068,0.617631940936,0.259825148259,0.115564867238,0.080974888005,11.3495076639,2015-03-22 14:59:35.010000
324,Coastal Carolina,16,West,false,false,true,false,0,0,0,0,0,--,2015-03-22 14:59:35.010000
2483,Oregon,8,West,false,true,true,true,0.131027704932,0.0559751865997,0.011115606638,0.00142566272514,0.000450225942789,2220.1070153,2015-03-22 14:59:35.010000
197,Oklahoma State,9,West,false,false,true,false,0,0,0,0,0,--,2015-03-22 14:59:35.010000
8,Arkansas,5,West,false,false,true,true,0,0,0,0,0,--,2015-03-22 14:59:35.010000
2747,Wofford,12,West,false,false,true,false,0,0,0,0,0,--,2015-03-22 14:59:35.010000
153,North Carolina,4,West,false,true,true,true,1,0.326392872465,0.0810676895537,0.0222330691501,0.0116348441516,84.9487232461,2015-03-22 14:59:35.010000
108,Harvard,13,West,false,false,true,false,0,0,0,0,0,--,2015-03-22 14:59:35.010000
2752,Xavier,6,West,false,true,true,true,1,0.131444962922,0.0429281646392,0.0108299534761,0.00542276917048,183.407628015,2015-03-22 14:59:35.010000
252,Brigham Young,11a,West,true,false,false,false,0,0,0,0,0,--,2015-03-22 14:59:35.010000
145,Ole Miss,11b,West,true,false,true,false,0,0,0,0,0,--,2015-03-22 14:59:35.010000
239,Baylor,3,West,false,false,true,false,0,0,0,0,0,--,2015-03-22 14:59:35.010000
2247,Georgia State,14,West,false,false,true,true,0,0,0,0,0,--,2015-03-22 14:59:35.010000
2670,Virginia Commonwealth,7,West,false,false,true,false,0,0,0,0,0,--,2015-03-22 14:59:35.010000
194,Ohio State,10,West,false,false,true,true,0,0,0,0,0,--,2015-03-22 14:59:35.010000
12,Arizona,2,West,false,true,true,true,1,0.868555037078,0.60506339091,0.232046604595,0.149130767081,5.70552441708,2015-03-22 14:59:35.010000
2640,Texas Southern,15,West,false,false,true,false,0,0,0,0,0,--,2015-03-22 14:59:35.010000
150,Duke,1,South,false,true,true,true,0.84953136715,0.544103751647,0.362553016838,0.247299892844,0.0955058456577,9.47056327404,2015-03-22 14:59:35.010000
2454,North Florida,16a,South,true,false,false,false,0,0,0,0,0,--,2015-03-22 14:59:35.010000
2523,Robert Morris,16b,South,true,false,true,false,0,0,0,0,0,--,2015-03-22 14:59:35.010000
21,San Diego State,8,South,false,true,true,true,0.15046863285,0.0607363046523,0.0274869449946,0.0114217502148,0.00207990185072,479.791917971,2015-03-22 14:59:35.010000
2599,St. John's,9,South,false,false,true,false,0,0,0,0,0,--,2015-03-22 14:59:35.010000
254,Utah,5,South,false,true,true,true,1,0.3951599437,0.213926734707,0.110259065663,0.0270767789565,35.9320147572,2015-03-22 14:59:35.010000
2617,Stephen F. Austin,12,South,false,false,true,false,0,0,0,0,0,--,2015-03-22 14:59:35.010000
46,Georgetown,4,South,false,false,true,true,0,0,0,0,0,--,2015-03-22 14:59:35.010000
331,Eastern Washington,13,South,false,false,true,false,0,0,0,0,0,--,2015-03-22 14:59:35.010000
2567,Southern Methodist,6,South,false,false,true,false,0,0,0,0,0,--,2015-03-22 14:59:35.010000
26,UCLA,11,South,false,true,true,true,1,0.272839831007,0.0695753843948,0.0227729617106,0.00298439832014,334.075915722,2015-03-22 14:59:35.010000
66,Iowa State,3,South,false,false,true,false,0,0,0,0,0,--,2015-03-22 14:59:35.010000
5,UAB,14,South,false,false,true,true,0,0,0,0,0,--,2015-03-22 14:59:35.010000
2294,Iowa,7,South,false,true,true,true,0.271759966929,0.187270536941,0.0769478616738,0.0428490708691,0.0120525400897,81.9700621243,2015-03-22 14:59:35.010000
2166,Davidson,10,South,false,false,true,false,0,0,0,0,0,--,2015-03-22 14:59:35.010000
2250,Gonzaga,2,South,false,true,true,true,0.728240033071,0.539889632052,0.249510057392,0.137845848299,0.0374323656019,25.7148491398,2015-03-22 14:59:35.010000
2449,North Dakota State,15,South,false,false,true,false,0,0,0,0,0,--,2015-03-22 14:59:35.010000
222,Villanova,1,East,false,false,true,true,0,0,0,0,0,--,2015-03-22 14:59:35.010000
322,Lafayette,16,East,false,false,true,false,0,0,0,0,0,--,2015-03-22 14:59:35.010000
152,North Carolina State,8,East,false,true,true,true,1,0.456903418681,0.177813468956,0.0586577360348,0.0100675580868,98.3289526003,2015-03-22 14:59:35.010000
99,LSU,9,East,false,false,true,false,0,0,0,0,0,--,2015-03-22 14:59:35.010000
2460,Northern Iowa,5,East,false,true,true,true,0.534403279769,0.290887090821,0.124651748326,0.050256021969,0.0111749737946,88.4856684573,2015-03-22 14:59:35.010000
2751,Wyoming,12,East,false,false,true,false,0,0,0,0,0,--,2015-03-22 14:59:35.010000
97,Louisville,4,East,false,true,true,true,0.465596720231,0.252209490498,0.106951321896,0.04488112202,0.0104364580851,94.8179481819,2015-03-22 14:59:35.010000
300,UC Irvine,13,East,false,false,true,false,0,0,0,0,0,--,2015-03-22 14:59:35.010000
2507,Providence,6,East,false,false,true,false,0,0,0,0,0,--,2015-03-22 14:59:35.010000
68,Boise State,11a,East,true,false,false,false,0,0,0,0,0,--,2015-03-22 14:59:35.010000
2168,Dayton,11b,East,true,true,true,true,0.375138399829,0.120566189905,0.0542288577228,0.0190127653114,0.00354316363226,281.233648736,2015-03-22 14:59:35.010000
201,Oklahoma,3,East,false,true,true,true,0.624861600171,0.294206376017,0.174525524848,0.0796126698562,0.0206427728036,47.4431044954,2015-03-22 14:59:35.010000
399,Albany,14,East,false,false,true,false,0,0,0,0,0,--,2015-03-22 14:59:35.010000
127,Michigan State,7,East,false,true,true,true,1,0.585227434078,0.361829078251,0.175131095209,0.049474568686,19.2124046062,2015-03-22 14:59:35.010000
61,Georgia,10,East,false,false,true,false,0,0,0,0,0,--,2015-03-22 14:59:35.010000
258,Virginia,2,East,false,false,true,true,0,0,0,0,0,--,2015-03-22 14:59:35.010000
2057,Belmont,15,East,false,false,true,false,0,0,0,0,0,--,2015-03-22 14:59:35.010000
