team_id,team_name,team_seed,team_region,playin_flag,team_alive,rd1_win,rd2_win,rd3_win,rd4_win,rd5_win,rd6_win,rd7_win,win_odds,timestamp
96,Kentucky,1,Midwest,false,true,true,true,true,0.873240395005,0.725390169224,0.509799242698,0.403203876609,1.48013488464,2015-03-26 21:24:38.430000
2363,Manhattan,16a,Midwest,true,false,false,false,false,0,0,0,0,--,2015-03-26 21:24:38.430000
2261,Hampton,16b,Midwest,true,false,true,false,false,0,0,0,0,--,2015-03-26 21:24:38.430000
2132,Cincinnati,8,Midwest,false,false,true,true,false,0,0,0,0,--,2015-03-26 21:24:38.430000
2509,Purdue,9,Midwest,false,false,true,false,false,0,0,0,0,--,2015-03-26 21:24:38.430000
277,West Virginia,5,Midwest,false,true,true,true,true,0.126759604995,0.060421071354,0.0178112632553,0.00765458345152,129.640681669,2015-03-26 21:24:38.430000
2084,Buffalo,12,Midwest,false,false,true,false,false,0,0,0,0,--,2015-03-26 21:24:38.430000
120,Maryland,4,Midwest,false,false,true,true,false,0,0,0,0,--,2015-03-26 21:24:38.430000
2674,Valparaiso,13,Midwest,false,false,true,false,false,0,0,0,0,--,2015-03-26 21:24:38.430000
2086,Butler,6,Midwest,false,false,true,true,false,0,0,0,0,--,2015-03-26 21:24:38.430000
251,Texas,11,Midwest,false,false,true,false,false,0,0,0,0,--,2015-03-26 21:24:38.430000
87,Notre Dame,3,Midwest,false,true,true,true,true,1,0.214188759422,0.0783314727597,0.039024936624,24.6246412296,2015-03-26 21:24:38.430000
111,Northeastern,14,Midwest,false,false,true,false,false,0,0,0,0,--,2015-03-26 21:24:38.430000
2724,Wichita State,7,Midwest,false,false,true,true,true,0,0,0,0,--,2015-03-26 21:24:38.430000
84,Indiana,10,Midwest,false,false,true,false,false,0,0,0,0,--,2015-03-26 21:24:38.430000
2305,Kansas,2,Midwest,false,false,true,true,false,0,0,0,0,--,2015-03-26 21:24:38.430000
166,New Mexico State,15,Midwest,false,false,true,false,false,0,0,0,0,--,2015-03-26 21:24:38.430000
275,Wisconsin,1,West,false,true,true,true,true,0.725841927277,0.316330711399,0.140770351308,0.0952144425115,9.50260836091,2015-03-26 21:24:38.430000
324,Coastal Carolina,16,West,false,false,true,false,false,0,0,0,0,--,2015-03-26 21:24:38.430000
2483,Oregon,8,West,false,false,true,true,false,0,0,0,0,--,2015-03-26 21:24:38.430000
197,Oklahoma State,9,West,false,false,true,false,false,0,0,0,0,--,2015-03-26 21:24:38.430000
8,Arkansas,5,West,false,false,true,true,false,0,0,0,0,--,2015-03-26 21:24:38.430000
2747,Wofford,12,West,false,false,true,false,false,0,0,0,0,--,2015-03-26 21:24:38.430000
153,North Carolina,4,West,false,true,true,true,true,0.274158072723,0.0694912493478,0.0196149294053,0.00993990713621,99.6045616218,2015-03-26 21:24:38.430000
108,Harvard,13,West,false,false,true,false,false,0,0,0,0,--,2015-03-26 21:24:38.430000
2752,Xavier,6,West,false,true,true,true,true,0.131444962922,0.0383049684833,0.00986617853154,0.00474519986217,209.739279492,2015-03-26 21:24:38.430000
252,Brigham Young,11a,West,true,false,false,false,false,0,0,0,0,--,2015-03-26 21:24:38.430000
145,Ole Miss,11b,West,true,false,true,false,false,0,0,0,0,--,2015-03-26 21:24:38.430000
239,Baylor,3,West,false,false,true,false,false,0,0,0,0,--,2015-03-26 21:24:38.430000
2247,Georgia State,14,West,false,false,true,true,false,0,0,0,0,--,2015-03-26 21:24:38.430000
2670,Virginia Commonwealth,7,West,false,false,true,false,false,0,0,0,0,--,2015-03-26 21:24:38.430000
194,Ohio State,10,West,false,false,true,true,false,0,0,0,0,--,2015-03-26 21:24:38.430000
12,Arizona,2,West,false,true,true,true,true,0.868555037078,0.57587307077,0.223806562042,0.139391534958,6.17403678997,2015-03-26 21:24:38.430000
2640,Texas Southern,15,West,false,false,true,false,false,0,0,0,0,--,2015-03-26 21:24:38.430000
150,Duke,1,South,false,true,true,true,true,0.655415187889,0.426921685588,0.294036300173,0.118331765059,7.45081622421,2015-03-26 21:24:38.430000
2454,North Florida,16a,South,true,false,false,false,false,0,0,0,0,--,2015-03-26 21:24:38.430000
2523,Robert Morris,16b,South,true,false,true,false,false,0,0,0,0,--,2015-03-26 21:24:38.430000
21,San Diego State,8,South,false,false,true,true,false,0,0,0,0,--,2015-03-26 21:24:38.430000
2599,St. John's,9,South,false,false,true,false,false,0,0,0,0,--,2015-03-26 21:24:38.430000
254,Utah,5,South,false,true,true,true,true,0.344584812111,0.176908446346,0.0902315226659,0.0225015441637,43.4413944538,2015-03-26 21:24:38.430000
2617,Stephen F. Austin,12,South,false,false,true,false,false,0,0,0,0,--,2015-03-26 21:24:38.430000
46,Georgetown,4,South,false,false,true,true,false,0,0,0,0,--,2015-03-26 21:24:38.430000
331,Eastern Washington,13,South,false,false,true,false,false,0,0,0,0,--,2015-03-26 21:24:38.430000
2567,Southern Methodist,6,South,false,false,true,false,false,0,0,0,0,--,2015-03-26 21:24:38.430000
26,UCLA,11,South,false,true,true,true,true,0.243633594917,0.05659974276,0.0182123034518,0.00242849413721,410.777811063,2015-03-26 21:24:38.430000
66,Iowa State,3,South,false,false,true,false,false,0,0,0,0,--,2015-03-26 21:24:38.430000
5,UAB,14,South,false,false,true,true,false,0,0,0,0,--,2015-03-26 21:24:38.430000
2294,Iowa,7,South,false,false,true,true,false,0,0,0,0,--,2015-03-26 21:24:38.430000
2166,Davidson,10,South,false,false,true,false,false,0,0,0,0,--,2015-03-26 21:24:38.430000
2250,Gonzaga,2,South,false,true,true,true,true,0.756366405083,0.339570125306,0.190681799106,0.0547810803994,17.2544775077,2015-03-26 21:24:38.430000
2449,North Dakota State,15,South,false,false,true,false,false,0,0,0,0,--,2015-03-26 21:24:38.430000
222,Villanova,1,East,false,false,true,true,false,0,0,0,0,--,2015-03-26 21:24:38.430000
322,Lafayette,16,East,false,false,true,false,false,0,0,0,0,--,2015-03-26 21:24:38.430000
152,North Carolina State,8,East,false,true,true,true,true,0.447315247978,0.168540641815,0.0512153707556,0.00888419895461,111.559388315,2015-03-26 21:24:38.430000
99,LSU,9,East,false,false,true,false,false,0,0,0,0,--,2015-03-26 21:24:38.430000
2460,Northern Iowa,5,East,false,false,true,true,false,0,0,0,0,--,2015-03-26 21:24:38.430000
2751,Wyoming,12,East,false,false,true,false,false,0,0,0,0,--,2015-03-26 21:24:38.430000
97,Louisville,4,East,false,true,true,true,true,0.552684752022,0.232909665757,0.0933086356241,0.0225900533264,43.2672704464,2015-03-26 21:24:38.430000
300,UC Irvine,13,East,false,false,true,false,false,0,0,0,0,--,2015-03-26 21:24:38.430000
2507,Providence,6,East,false,false,true,false,false,0,0,0,0,--,2015-03-26 21:24:38.430000
68,Boise State,11a,East,true,false,false,false,false,0,0,0,0,--,2015-03-26 21:24:38.430000
2168,Dayton,11b,East,true,false,true,true,false,0,0,0,0,--,2015-03-26 21:24:38.430000
201,Oklahoma,3,East,false,true,true,true,true,0.459757726236,0.26520313403,0.10996431159,0.0276327575174,35.1889326235,2015-03-26 21:24:38.430000
399,Albany,14,East,false,false,true,false,false,0,0,0,0,--,2015-03-26 21:24:38.430000
127,Michigan State,7,East,false,true,true,true,true,0.540242273764,0.333346558399,0.152349756633,0.0436756252894,21.8960660179,2015-03-26 21:24:38.430000
61,Georgia,10,East,false,false,true,false,false,0,0,0,0,--,2015-03-26 21:24:38.430000
258,Virginia,2,East,false,false,true,true,false,0,0,0,0,--,2015-03-26 21:24:38.430000
2057,Belmont,15,East,false,false,true,false,false,0,0,0,0,--,2015-03-26 21:24:38.430000
