team_id,team_name,team_seed,team_region,playin_flag,team_alive,rd1_win,rd2_win,rd3_win,rd4_win,rd5_win,rd6_win,rd7_win,win_odds,timestamp
96,Kentucky,1,Midwest,false,true,true,true,1,0.873240395005,0.732108102614,0.519933513531,0.411630990501,1.42936033262,2015-03-23 01:44:05.730000
2363,Manhattan,16a,Midwest,true,false,false,false,0,0,0,0,0,--,2015-03-23 01:44:05.730000
2261,Hampton,16b,Midwest,true,false,true,false,0,0,0,0,0,--,2015-03-23 01:44:05.730000
2132,Cincinnati,8,Midwest,false,false,true,true,0,0,0,0,0,--,2015-03-23 01:44:05.730000
2509,Purdue,9,Midwest,false,false,true,false,0,0,0,0,0,--,2015-03-23 01:44:05.730000
277,West Virginia,5,Midwest,false,true,true,true,1,0.126759604995,0.0619969916764,0.0186493464034,0.00802145010963,123.665738281,2015-03-23 01:44:05.730000
2084,Buffalo,12,Midwest,false,false,true,false,0,0,0,0,0,--,2015-03-23 01:44:05.730000
120,Maryland,4,Midwest,false,false,true,true,0,0,0,0,0,--,2015-03-23 01:44:05.730000
2674,Valparaiso,13,Midwest,false,false,true,false,0,0,0,0,0,--,2015-03-23 01:44:05.730000
2086,Butler,6,Midwest,false,false,true,true,0,0,0,0,0,--,2015-03-23 01:44:05.730000
251,Texas,11,Midwest,false,false,true,false,0,0,0,0,0,--,2015-03-23 01:44:05.730000
87,Notre Dame,3,Midwest,false,true,true,true,1,0.527441397872,0.111552332737,0.0413656679832,0.0205541323309,47.652017215,2015-03-23 01:44:05.730000
111,Northeastern,14,Midwest,false,false,true,false,0,0,0,0,0,--,2015-03-23 01:44:05.730000
2724,Wichita State,7,Midwest,false,true,true,true,1,0.472558602128,0.0943425729733,0.0337950532,0.0165166851083,59.5448365362,2015-03-23 01:44:05.730000
84,Indiana,10,Midwest,false,false,true,false,0,0,0,0,0,--,2015-03-23 01:44:05.730000
2305,Kansas,2,Midwest,false,false,true,true,0,0,0,0,0,--,2015-03-23 01:44:05.730000
166,New Mexico State,15,Midwest,false,false,true,false,0,0,0,0,0,--,2015-03-23 01:44:05.730000
275,Wisconsin,1,West,false,true,true,true,1,0.69390661084,0.279483593955,0.120305180571,0.0799481538201,11.5081062191,2015-03-23 01:44:05.730000
324,Coastal Carolina,16,West,false,false,true,false,0,0,0,0,0,--,2015-03-23 01:44:05.730000
2483,Oregon,8,West,false,false,true,true,0,0,0,0,0,--,2015-03-23 01:44:05.730000
197,Oklahoma State,9,West,false,false,true,false,0,0,0,0,0,--,2015-03-23 01:44:05.730000
8,Arkansas,5,West,false,false,true,true,0,0,0,0,0,--,2015-03-23 01:44:05.730000
2747,Wofford,12,West,false,false,true,false,0,0,0,0,0,--,2015-03-23 01:44:05.730000
153,North Carolina,4,West,false,true,true,true,1,0.30609338916,0.0770946786217,0.0217016759526,0.0110034612176,89.880494803,2015-03-23 01:44:05.730000
108,Harvard,13,West,false,false,true,false,0,0,0,0,0,--,2015-03-23 01:44:05.730000
2752,Xavier,6,West,false,true,true,true,1,0.131444962922,0.0417990635876,0.0107607745121,0.0051856477171,191.839941036,2015-03-23 01:44:05.730000
252,Brigham Young,11a,West,true,false,false,false,0,0,0,0,0,--,2015-03-23 01:44:05.730000
145,Ole Miss,11b,West,true,false,true,false,0,0,0,0,0,--,2015-03-23 01:44:05.730000
239,Baylor,3,West,false,false,true,false,0,0,0,0,0,--,2015-03-23 01:44:05.730000
2247,Georgia State,14,West,false,false,true,true,0,0,0,0,0,--,2015-03-23 01:44:05.730000
2670,Virginia Commonwealth,7,West,false,false,true,false,0,0,0,0,0,--,2015-03-23 01:44:05.730000
194,Ohio State,10,West,false,false,true,true,0,0,0,0,0,--,2015-03-23 01:44:05.730000
12,Arizona,2,West,false,true,true,true,1,0.868555037078,0.601622663836,0.233488787846,0.145655056225,5.86553577965,2015-03-23 01:44:05.730000
2640,Texas Southern,15,West,false,false,true,false,0,0,0,0,0,--,2015-03-23 01:44:05.730000
150,Duke,1,South,false,true,true,true,1,0.655415187889,0.445978102592,0.306366326295,0.123722975098,7.08257317776,2015-03-23 01:44:05.730000
2454,North Florida,16a,South,true,false,false,false,0,0,0,0,0,--,2015-03-23 01:44:05.730000
2523,Robert Morris,16b,South,true,false,true,false,0,0,0,0,0,--,2015-03-23 01:44:05.730000
21,San Diego State,8,South,false,false,true,true,0,0,0,0,0,--,2015-03-23 01:44:05.730000
2599,St. John's,9,South,false,false,true,false,0,0,0,0,0,--,2015-03-23 01:44:05.730000
254,Utah,5,South,false,true,true,true,1,0.344584812111,0.187680138034,0.0953208217979,0.0238962588642,40.8475547022,2015-03-23 01:44:05.730000
2617,Stephen F. Austin,12,South,false,false,true,false,0,0,0,0,0,--,2015-03-23 01:44:05.730000
46,Georgetown,4,South,false,false,true,true,0,0,0,0,0,--,2015-03-23 01:44:05.730000
331,Eastern Washington,13,South,false,false,true,false,0,0,0,0,0,--,2015-03-23 01:44:05.730000
2567,Southern Methodist,6,South,false,false,true,false,0,0,0,0,0,--,2015-03-23 01:44:05.730000
26,UCLA,11,South,false,true,true,true,1,0.272839831007,0.0626596295069,0.0199651468215,0.00266989270736,373.546886189,2015-03-23 01:44:05.730000
66,Iowa State,3,South,false,false,true,false,0,0,0,0,0,--,2015-03-23 01:44:05.730000
5,UAB,14,South,false,false,true,true,0,0,0,0,0,--,2015-03-23 01:44:05.730000
2294,Iowa,7,South,false,true,true,true,0.271759966929,0.187270536941,0.0711767743317,0.0389814424998,0.0111206963097,88.9224268114,2015-03-23 01:44:05.730000
2166,Davidson,10,South,false,false,true,false,0,0,0,0,0,--,2015-03-23 01:44:05.730000
2250,Gonzaga,2,South,false,true,true,true,0.728240033071,0.539889632052,0.232505355536,0.126266639468,0.034754086982,27.7735943262,2015-03-23 01:44:05.730000
2449,North Dakota State,15,South,false,false,true,false,0,0,0,0,0,--,2015-03-23 01:44:05.730000
222,Villanova,1,East,false,false,true,true,0,0,0,0,0,--,2015-03-23 01:44:05.730000
322,Lafayette,16,East,false,false,true,false,0,0,0,0,0,--,2015-03-23 01:44:05.730000
152,North Carolina State,8,East,false,true,true,true,1,0.447315247978,0.168540641815,0.0522364978651,0.00916666629201,108.09091355,2015-03-23 01:44:05.730000
99,LSU,9,East,false,false,true,false,0,0,0,0,0,--,2015-03-23 01:44:05.730000
2460,Northern Iowa,5,East,false,false,true,true,0,0,0,0,0,--,2015-03-23 01:44:05.730000
2751,Wyoming,12,East,false,false,true,false,0,0,0,0,0,--,2015-03-23 01:44:05.730000
97,Louisville,4,East,false,true,true,true,1,0.552684752022,0.232909665757,0.0947807225338,0.0231698187395,42.1595953012,2015-03-23 01:44:05.730000
300,UC Irvine,13,East,false,false,true,false,0,0,0,0,0,--,2015-03-23 01:44:05.730000
2507,Providence,6,East,false,false,true,false,0,0,0,0,0,--,2015-03-23 01:44:05.730000
68,Boise State,11a,East,true,false,false,false,0,0,0,0,0,--,2015-03-23 01:44:05.730000
2168,Dayton,11b,East,true,false,true,true,0,0,0,0,0,--,2015-03-23 01:44:05.730000
201,Oklahoma,3,East,false,true,true,true,1,0.459757726236,0.26520313403,0.111640879294,0.0283227412692,34.3073168482,2015-03-23 01:44:05.730000
399,Albany,14,East,false,false,true,false,0,0,0,0,0,--,2015-03-23 01:44:05.730000
127,Michigan State,7,East,false,true,true,true,1,0.540242273764,0.333346558399,0.154441523425,0.0446612867087,21.3907565969,2015-03-23 01:44:05.730000
61,Georgia,10,East,false,false,true,false,0,0,0,0,0,--,2015-03-23 01:44:05.730000
258,Virginia,2,East,false,false,true,true,0,0,0,0,0,--,2015-03-23 01:44:05.730000
2057,Belmont,15,East,false,false,true,false,0,0,0,0,0,--,2015-03-23 01:44:05.730000
