team_id,team_name,team_seed,team_region,playin_flag,team_alive,rd1_win,rd2_win,rd3_win,rd4_win,rd5_win,rd6_win,rd7_win,win_odds,timestamp
96,Kentucky,1,Midwest,false,true,true,true,1,0.883550915058,0.732900210884,0.520559749608,0.412942557857,1.42164432067,2015-03-22 17:00:56.500000
2363,Manhattan,16a,Midwest,true,false,false,false,0,0,0,0,0,--,2015-03-22 17:00:56.500000
2261,Hampton,16b,Midwest,true,false,true,false,0,0,0,0,0,--,2015-03-22 17:00:56.500000
2132,Cincinnati,8,Midwest,false,false,true,true,0,0,0,0,0,--,2015-03-22 17:00:56.500000
2509,Purdue,9,Midwest,false,false,true,false,0,0,0,0,0,--,2015-03-22 17:00:56.500000
277,West Virginia,5,Midwest,false,true,true,true,0.547306147488,0.0687129821241,0.0325325291647,0.00982128691626,0.00423272371675,235.254494014,2015-03-22 17:00:56.500000
2084,Buffalo,12,Midwest,false,false,true,false,0,0,0,0,0,--,2015-03-22 17:00:56.500000
120,Maryland,4,Midwest,false,true,true,true,0.452693852512,0.0477361028174,0.0207447411245,0.00571844134767,0.00230366279118,433.091310512,2015-03-22 17:00:56.500000
2674,Valparaiso,13,Midwest,false,false,true,false,0,0,0,0,0,--,2015-03-22 17:00:56.500000
2086,Butler,6,Midwest,false,false,true,true,0,0,0,0,0,--,2015-03-22 17:00:56.500000
251,Texas,11,Midwest,false,false,true,false,0,0,0,0,0,--,2015-03-22 17:00:56.500000
87,Notre Dame,3,Midwest,false,true,true,true,1,0.501598319242,0.105914564198,0.0396597096656,0.0198643839056,49.3413548968,2015-03-22 17:00:56.500000
111,Northeastern,14,Midwest,false,false,true,false,0,0,0,0,0,--,2015-03-22 17:00:56.500000
2724,Wichita State,7,Midwest,false,true,true,true,0.430431822267,0.198242480174,0.0378119016881,0.013210620678,0.00633312208742,156.900003537,2015-03-22 17:00:56.500000
84,Indiana,10,Midwest,false,false,true,false,0,0,0,0,0,--,2015-03-22 17:00:56.500000
2305,Kansas,2,Midwest,false,true,true,true,0.569568177733,0.300159200583,0.0700960529403,0.0289300346003,0.0156776669882,62.7850007119,2015-03-22 17:00:56.500000
166,New Mexico State,15,Midwest,false,false,true,false,0,0,0,0,0,--,2015-03-22 17:00:56.500000
275,Wisconsin,1,West,false,true,true,true,0.868972295068,0.617631940936,0.259825148259,0.115564867238,0.079118605232,11.6392521338,2015-03-22 17:00:56.500000
324,Coastal Carolina,16,West,false,false,true,false,0,0,0,0,0,--,2015-03-22 17:00:56.500000
2483,Oregon,8,West,false,true,true,true,0.131027704932,0.0559751865997,0.011115606638,0.00142566272514,0.000429547915,2327.02899299,2015-03-22 17:00:56.500000
197,Oklahoma State,9,West,false,false,true,false,0,0,0,0,0,--,2015-03-22 17:00:56.500000
8,Arkansas,5,West,false,false,true,true,0,0,0,0,0,--,2015-03-22 17:00:56.500000
2747,Wofford,12,West,false,false,true,false,0,0,0,0,0,--,2015-03-22 17:00:56.500000
153,North Carolina,4,West,false,true,true,true,1,0.326392872465,0.0810676895537,0.0222330691501,0.0112483040865,87.9022907195,2015-03-22 17:00:56.500000
108,Harvard,13,West,false,false,true,false,0,0,0,0,0,--,2015-03-22 17:00:56.500000
2752,Xavier,6,West,false,true,true,true,1,0.131444962922,0.0429281646392,0.0108299534761,0.00523549211921,190.004012083,2015-03-22 17:00:56.500000
252,Brigham Young,11a,West,true,false,false,false,0,0,0,0,0,--,2015-03-22 17:00:56.500000
145,Ole Miss,11b,West,true,false,true,false,0,0,0,0,0,--,2015-03-22 17:00:56.500000
239,Baylor,3,West,false,false,true,false,0,0,0,0,0,--,2015-03-22 17:00:56.500000
2247,Georgia State,14,West,false,false,true,true,0,0,0,0,0,--,2015-03-22 17:00:56.500000
2670,Virginia Commonwealth,7,West,false,false,true,false,0,0,0,0,0,--,2015-03-22 17:00:56.500000
194,Ohio State,10,West,false,false,true,true,0,0,0,0,0,--,2015-03-22 17:00:56.500000
12,Arizona,2,West,false,true,true,true,1,0.868555037078,0.60506339091,0.232046604595,0.145204238215,5.8868513226,2015-03-22 17:00:56.500000
2640,Texas Southern,15,West,false,false,true,false,0,0,0,0,0,--,2015-03-22 17:00:56.500000
150,Duke,1,South,false,true,true,true,1,0.655415187889,0.445978102592,0.310483038901,0.124493292499,7.03256127242,2015-03-22 17:00:56.500000
2454,North Florida,16a,South,true,false,false,false,0,0,0,0,0,--,2015-03-22 17:00:56.500000
2523,Robert Morris,16b,South,true,false,true,false,0,0,0,0,0,--,2015-03-22 17:00:56.500000
21,San Diego State,8,South,false,false,true,true,0,0,0,0,0,--,2015-03-22 17:00:56.500000
2599,St. John's,9,South,false,false,true,false,0,0,0,0,0,--,2015-03-22 17:00:56.500000
254,Utah,5,South,false,true,true,true,1,0.344584812111,0.187680138034,0.097363962994,0.0241600030456,40.3907232591,2015-03-22 17:00:56.500000
2617,Stephen F. Austin,12,South,false,false,true,false,0,0,0,0,0,--,2015-03-22 17:00:56.500000
46,Georgetown,4,South,false,false,true,true,0,0,0,0,0,--,2015-03-22 17:00:56.500000
331,Eastern Washington,13,South,false,false,true,false,0,0,0,0,0,--,2015-03-22 17:00:56.500000
2567,Southern Methodist,6,South,false,false,true,false,0,0,0,0,0,--,2015-03-22 17:00:56.500000
26,UCLA,11,South,false,true,true,true,1,0.272839831007,0.0626596295069,0.0206044820766,0.00271794917032,366.924467065,2015-03-22 17:00:56.500000
66,Iowa State,3,South,false,false,true,false,0,0,0,0,0,--,2015-03-22 17:00:56.500000
5,UAB,14,South,false,false,true,true,0,0,0,0,0,--,2015-03-22 17:00:56.500000
2294,Iowa,7,South,false,true,true,true,0.271759966929,0.187270536941,0.0711767743317,0.0397434436163,0.0112286597739,88.0578234749,2015-03-22 17:00:56.500000
2166,Davidson,10,South,false,false,true,false,0,0,0,0,0,--,2015-03-22 17:00:56.500000
2250,Gonzaga,2,South,false,true,true,true,0.728240033071,0.539889632052,0.232505355536,0.128761915527,0.0351045080685,27.4863698431,2015-03-22 17:00:56.500000
2449,North Dakota State,15,South,false,false,true,false,0,0,0,0,0,--,2015-03-22 17:00:56.500000
222,Villanova,1,East,false,false,true,true,0,0,0,0,0,--,2015-03-22 17:00:56.500000
322,Lafayette,16,East,false,false,true,false,0,0,0,0,0,--,2015-03-22 17:00:56.500000
152,North Carolina State,8,East,false,true,true,true,1,0.456903418681,0.177813468956,0.0546702337294,0.00941910935114,105.167150494,2015-03-22 17:00:56.500000
99,LSU,9,East,false,false,true,false,0,0,0,0,0,--,2015-03-22 17:00:56.500000
2460,Northern Iowa,5,East,false,true,true,true,0.534403279769,0.290887090821,0.124651748326,0.047222233019,0.0105361439467,93.91138362,2015-03-22 17:00:56.500000
2751,Wyoming,12,East,false,false,true,false,0,0,0,0,0,--,2015-03-22 17:00:56.500000
97,Louisville,4,East,false,true,true,true,0.465596720231,0.252209490498,0.106951321896,0.0422449657158,0.00985536271939,100.46759977,2015-03-22 17:00:56.500000
300,UC Irvine,13,East,false,false,true,false,0,0,0,0,0,--,2015-03-22 17:00:56.500000
2507,Providence,6,East,false,false,true,false,0,0,0,0,0,--,2015-03-22 17:00:56.500000
68,Boise State,11a,East,true,false,false,false,0,0,0,0,0,--,2015-03-22 17:00:56.500000
2168,Dayton,11b,East,true,true,true,true,0.375138399829,0.120566189905,0.0542288577228,0.0177625130199,0.0033225183594,299.976515952,2015-03-22 17:00:56.500000
201,Oklahoma,3,East,false,true,true,true,0.624861600171,0.294206376017,0.174525524848,0.0752180158642,0.0195619670208,50.1196036134,2015-03-22 17:00:56.500000
399,Albany,14,East,false,false,true,false,0,0,0,0,0,--,2015-03-22 17:00:56.500000
127,Michigan State,7,East,false,true,true,true,1,0.585227434078,0.361829078251,0.165925195537,0.0470101811314,20.2719878106,2015-03-22 17:00:56.500000
61,Georgia,10,East,false,false,true,false,0,0,0,0,0,--,2015-03-22 17:00:56.500000
258,Virginia,2,East,false,false,true,true,0,0,0,0,0,--,2015-03-22 17:00:56.500000
2057,Belmont,15,East,false,false,true,false,0,0,0,0,0,--,2015-03-22 17:00:56.500000
