team_id,team_name,team_seed,team_region,playin_flag,team_alive,rd1_win,rd2_win,rd3_win,rd4_win,rd5_win,rd6_win,rd7_win,win_odds,timestamp
96,Kentucky,1,Midwest,false,true,true,true,1,0.883550915058,0.732900210884,0.520561394849,0.406421261756,1.46050119445,2015-03-22 00:28:05.060000
2363,Manhattan,16a,Midwest,true,false,false,false,0,0,0,0,0,--,2015-03-22 00:28:05.060000
2261,Hampton,16b,Midwest,true,false,true,false,0,0,0,0,0,--,2015-03-22 00:28:05.060000
2132,Cincinnati,8,Midwest,false,false,true,true,0,0,0,0,0,--,2015-03-22 00:28:05.060000
2509,Purdue,9,Midwest,false,false,true,false,0,0,0,0,0,--,2015-03-22 00:28:05.060000
277,West Virginia,5,Midwest,false,true,true,true,0.547306147488,0.0687129821241,0.0325325291647,0.00980313890814,0.00406007141471,245.301086325,2015-03-22 00:28:05.060000
2084,Buffalo,12,Midwest,false,false,true,false,0,0,0,0,0,--,2015-03-22 00:28:05.060000
120,Maryland,4,Midwest,false,true,true,true,0.452693852512,0.0477361028174,0.0207447411245,0.00570633392142,0.00220462662063,452.591547268,2015-03-22 00:28:05.060000
2674,Valparaiso,13,Midwest,false,false,true,false,0,0,0,0,0,--,2015-03-22 00:28:05.060000
2086,Butler,6,Midwest,false,false,true,true,0,0,0,0,0,--,2015-03-22 00:28:05.060000
251,Texas,11,Midwest,false,false,true,false,0,0,0,0,0,--,2015-03-22 00:28:05.060000
87,Notre Dame,3,Midwest,false,true,true,true,1,0.501598319242,0.105914564198,0.0396099195832,0.0191575993523,51.1986070179,2015-03-22 00:28:05.060000
111,Northeastern,14,Midwest,false,false,true,false,0,0,0,0,0,--,2015-03-22 00:28:05.060000
2724,Wichita State,7,Midwest,false,true,true,true,0.430431822267,0.198242480174,0.0378119016881,0.0131916154607,0.00609783495736,162.992631318,2015-03-22 00:28:05.060000
84,Indiana,10,Midwest,false,false,true,false,0,0,0,0,0,--,2015-03-22 00:28:05.060000
2305,Kansas,2,Midwest,false,true,true,true,0.569568177733,0.300159200583,0.0700960529403,0.0289007869303,0.0151653274884,64.9398882593,2015-03-22 00:28:05.060000
166,New Mexico State,15,Midwest,false,false,true,false,0,0,0,0,0,--,2015-03-22 00:28:05.060000
275,Wisconsin,1,West,false,true,true,true,0.868972295068,0.579044980553,0.244798332317,0.109385143633,0.0734064771422,12.6227760673,2015-03-22 00:28:05.060000
324,Coastal Carolina,16,West,false,false,true,false,0,0,0,0,0,--,2015-03-22 00:28:05.060000
2483,Oregon,8,West,false,true,true,true,0.131027704932,0.0496030201398,0.00994250184499,0.00128886303517,0.000372472332287,2683.76317116,2015-03-22 00:28:05.060000
197,Oklahoma State,9,West,false,false,true,false,0,0,0,0,0,--,2015-03-22 00:28:05.060000
8,Arkansas,5,West,false,false,true,true,0,0,0,0,0,--,2015-03-22 00:28:05.060000
2747,Wofford,12,West,false,false,true,false,0,0,0,0,0,--,2015-03-22 00:28:05.060000
153,North Carolina,4,West,false,true,true,true,1,0.371351999307,0.10584617399,0.0314461995319,0.0162196819033,60.6534902448,2015-03-22 00:28:05.060000
108,Harvard,13,West,false,false,true,false,0,0,0,0,0,--,2015-03-22 00:28:05.060000
2752,Xavier,6,West,false,true,true,true,1,0.131444962922,0.0413826723809,0.010475364635,0.00489561688329,203.264349895,2015-03-22 00:28:05.060000
252,Brigham Young,11a,West,true,false,false,false,0,0,0,0,0,--,2015-03-22 00:28:05.060000
145,Ole Miss,11b,West,true,false,true,false,0,0,0,0,0,--,2015-03-22 00:28:05.060000
239,Baylor,3,West,false,false,true,false,0,0,0,0,0,--,2015-03-22 00:28:05.060000
2247,Georgia State,14,West,false,false,true,true,0,0,0,0,0,--,2015-03-22 00:28:05.060000
2670,Virginia Commonwealth,7,West,false,false,true,false,0,0,0,0,0,--,2015-03-22 00:28:05.060000
194,Ohio State,10,West,false,false,true,true,0,0,0,0,0,--,2015-03-22 00:28:05.060000
12,Arizona,2,West,false,true,true,true,1,0.868555037078,0.598030319467,0.229631239512,0.140010756414,6.14230838837,2015-03-22 00:28:05.060000
2640,Texas Southern,15,West,false,false,true,false,0,0,0,0,0,--,2015-03-22 00:28:05.060000
150,Duke,1,South,false,true,true,true,0.84953136715,0.540844447124,0.360475333401,0.223072738846,0.08693927425,10.502281433,2015-03-22 00:28:05.060000
2454,North Florida,16a,South,true,false,false,false,0,0,0,0,0,--,2015-03-22 00:28:05.060000
2523,Robert Morris,16b,South,true,false,true,false,0,0,0,0,0,--,2015-03-22 00:28:05.060000
21,San Diego State,8,South,false,true,true,true,0.15046863285,0.0601403274106,0.027230639964,0.00971643387682,0.00179214439239,556.99075356,2015-03-22 00:28:05.060000
2599,St. John's,9,South,false,false,true,false,0,0,0,0,0,--,2015-03-22 00:28:05.060000
254,Utah,5,South,false,true,true,true,1,0.399015225465,0.217507455239,0.0985870134346,0.0246085187733,39.6363344829,2015-03-22 00:28:05.060000
2617,Stephen F. Austin,12,South,false,false,true,false,0,0,0,0,0,--,2015-03-22 00:28:05.060000
46,Georgetown,4,South,false,false,true,true,0,0,0,0,0,--,2015-03-22 00:28:05.060000
331,Eastern Washington,13,South,false,false,true,false,0,0,0,0,0,--,2015-03-22 00:28:05.060000
2567,Southern Methodist,6,South,false,false,true,false,0,0,0,0,0,--,2015-03-22 00:28:05.060000
26,UCLA,11,South,false,true,true,true,1,0.272839831007,0.0692611472699,0.0191010556687,0.00253537008772,393.419735739,2015-03-22 00:28:05.060000
66,Iowa State,3,South,false,false,true,false,0,0,0,0,0,--,2015-03-22 00:28:05.060000
5,UAB,14,South,false,false,true,true,0,0,0,0,0,--,2015-03-22 00:28:05.060000
2294,Iowa,7,South,false,true,true,true,0.271759966929,0.187270536941,0.0767068462047,0.0377419603895,0.0107349857532,92.1533607024,2015-03-22 00:28:05.060000
2166,Davidson,10,South,false,false,true,false,0,0,0,0,0,--,2015-03-22 00:28:05.060000
2250,Gonzaga,2,South,false,true,true,true,0.728240033071,0.539889632052,0.248818577922,0.121347916955,0.0333036915024,29.0267013922,2015-03-22 00:28:05.060000
2449,North Dakota State,15,South,false,false,true,false,0,0,0,0,0,--,2015-03-22 00:28:05.060000
222,Villanova,1,East,false,false,true,true,0,0,0,0,0,--,2015-03-22 00:28:05.060000
322,Lafayette,16,East,false,false,true,false,0,0,0,0,0,--,2015-03-22 00:28:05.060000
152,North Carolina State,8,East,false,true,true,true,1,0.451605387697,0.143363894127,0.0478851316749,0.00836845334937,118.496394166,2015-03-22 00:28:05.060000
99,LSU,9,East,false,false,true,false,0,0,0,0,0,--,2015-03-22 00:28:05.060000
2460,Northern Iowa,5,East,false,true,true,true,0.548320953166,0.303393298942,0.109562285756,0.045033980049,0.0102876126472,96.204281916,2015-03-22 00:28:05.060000
2751,Wyoming,12,East,false,false,true,false,0,0,0,0,0,--,2015-03-22 00:28:05.060000
97,Louisville,4,East,false,true,true,true,0.451679046834,0.245001313361,0.0857234381964,0.0363964013567,0.00861370635515,115.094043466,2015-03-22 00:28:05.060000
300,UC Irvine,13,East,false,false,true,false,0,0,0,0,0,--,2015-03-22 00:28:05.060000
2507,Providence,6,East,false,false,true,false,0,0,0,0,0,--,2015-03-22 00:28:05.060000
68,Boise State,11a,East,true,false,false,false,0,0,0,0,0,--,2015-03-22 00:28:05.060000
2168,Dayton,11b,East,true,true,true,true,0.375138399829,0.0880494645874,0.0399542966557,0.0142616923976,0.00272653298625,365.76614772,2015-03-22 00:28:05.060000
201,Oklahoma,3,East,false,true,true,true,0.624861600171,0.229739044588,0.137140643718,0.0634750766581,0.016822116327,58.4455525428,2015-03-22 00:28:05.060000
399,Albany,14,East,false,false,true,false,0,0,0,0,0,--,2015-03-22 00:28:05.060000
127,Michigan State,7,East,false,true,true,true,0.279089940142,0.164393147558,0.101762567373,0.0496382178156,0.0141964870185,69.4399615693,2015-03-22 00:28:05.060000
61,Georgia,10,East,false,false,true,false,0,0,0,0,0,--,2015-03-22 00:28:05.060000
258,Virginia,2,East,false,true,true,true,0.720910059858,0.517818343267,0.382492874175,0.233742380877,0.0910593802921,9.9818449982,2015-03-22 00:28:05.060000
2057,Belmont,15,East,false,false,true,false,0,0,0,0,0,--,2015-03-22 00:28:05.060000
