team_id,team_name,team_seed,team_region,playin_flag,team_alive,rd1_win,rd2_win,rd3_win,rd4_win,rd5_win,rd6_win,rd7_win,win_odds,timestamp
96,Kentucky,1,Midwest,false,true,true,true,true,1,0.869213102522,0.652051970219,0.542097772811,0.844685682465,2015-03-27 22:17:19.760000
2363,Manhattan,16a,Midwest,true,false,false,false,false,0,0,0,0,--,2015-03-27 22:17:19.760000
2261,Hampton,16b,Midwest,true,false,true,false,false,0,0,0,0,--,2015-03-27 22:17:19.760000
2132,Cincinnati,8,Midwest,false,false,true,true,false,0,0,0,0,--,2015-03-27 22:17:19.760000
2509,Purdue,9,Midwest,false,false,true,false,false,0,0,0,0,--,2015-03-27 22:17:19.760000
277,West Virginia,5,Midwest,false,false,true,true,true,0,0,0,0,--,2015-03-27 22:17:19.760000
2084,Buffalo,12,Midwest,false,false,true,false,false,0,0,0,0,--,2015-03-27 22:17:19.760000
120,Maryland,4,Midwest,false,false,true,true,false,0,0,0,0,--,2015-03-27 22:17:19.760000
2674,Valparaiso,13,Midwest,false,false,true,false,false,0,0,0,0,--,2015-03-27 22:17:19.760000
2086,Butler,6,Midwest,false,false,true,true,false,0,0,0,0,--,2015-03-27 22:17:19.760000
251,Texas,11,Midwest,false,false,true,false,false,0,0,0,0,--,2015-03-27 22:17:19.760000
87,Notre Dame,3,Midwest,false,true,true,true,true,1,0.130786897478,0.0475348398633,0.0237869927423,41.0397824489,2015-03-27 22:17:19.760000
111,Northeastern,14,Midwest,false,false,true,false,false,0,0,0,0,--,2015-03-27 22:17:19.760000
2724,Wichita State,7,Midwest,false,false,true,true,true,0,0,0,0,--,2015-03-27 22:17:19.760000
84,Indiana,10,Midwest,false,false,true,false,false,0,0,0,0,--,2015-03-27 22:17:19.760000
2305,Kansas,2,Midwest,false,false,true,true,false,0,0,0,0,--,2015-03-27 22:17:19.760000
166,New Mexico State,15,Midwest,false,false,true,false,false,0,0,0,0,--,2015-03-27 22:17:19.760000
275,Wisconsin,1,West,false,true,true,true,true,1,0.398111414358,0.133648623077,0.0894755299989,10.1762400291,2015-03-27 22:17:19.760000
324,Coastal Carolina,16,West,false,false,true,false,false,0,0,0,0,--,2015-03-27 22:17:19.760000
2483,Oregon,8,West,false,false,true,true,false,0,0,0,0,--,2015-03-27 22:17:19.760000
197,Oklahoma State,9,West,false,false,true,false,false,0,0,0,0,--,2015-03-27 22:17:19.760000
8,Arkansas,5,West,false,false,true,true,false,0,0,0,0,--,2015-03-27 22:17:19.760000
2747,Wofford,12,West,false,false,true,false,false,0,0,0,0,--,2015-03-27 22:17:19.760000
153,North Carolina,4,West,false,false,true,true,true,0,0,0,0,--,2015-03-27 22:17:19.760000
108,Harvard,13,West,false,false,true,false,false,0,0,0,0,--,2015-03-27 22:17:19.760000
2752,Xavier,6,West,false,false,true,true,true,0,0,0,0,--,2015-03-27 22:17:19.760000
252,Brigham Young,11a,West,true,false,false,false,false,0,0,0,0,--,2015-03-27 22:17:19.760000
145,Ole Miss,11b,West,true,false,true,false,false,0,0,0,0,--,2015-03-27 22:17:19.760000
239,Baylor,3,West,false,false,true,false,false,0,0,0,0,--,2015-03-27 22:17:19.760000
2247,Georgia State,14,West,false,false,true,true,false,0,0,0,0,--,2015-03-27 22:17:19.760000
2670,Virginia Commonwealth,7,West,false,false,true,false,false,0,0,0,0,--,2015-03-27 22:17:19.760000
194,Ohio State,10,West,false,false,true,true,false,0,0,0,0,--,2015-03-27 22:17:19.760000
12,Arizona,2,West,false,true,true,true,true,1,0.601888585642,0.166764566841,0.101313927004,8.87031131429,2015-03-27 22:17:19.760000
2640,Texas Southern,15,West,false,false,true,false,false,0,0,0,0,--,2015-03-27 22:17:19.760000
150,Duke,1,South,false,true,true,true,true,0.655415187889,0.393582273439,0.266500397797,0.0888014021835,10.2610834448,2015-03-27 22:17:19.760000
2454,North Florida,16a,South,true,false,false,false,false,0,0,0,0,--,2015-03-27 22:17:19.760000
2523,Robert Morris,16b,South,true,false,true,false,false,0,0,0,0,--,2015-03-27 22:17:19.760000
21,San Diego State,8,South,false,false,true,true,false,0,0,0,0,--,2015-03-27 22:17:19.760000
2599,St. John's,9,South,false,false,true,false,false,0,0,0,0,--,2015-03-27 22:17:19.760000
254,Utah,5,South,false,true,true,true,true,0.344584812111,0.156875038121,0.0779025802101,0.0153323417254,64.2216091913,2015-03-27 22:17:19.760000
2617,Stephen F. Austin,12,South,false,false,true,false,false,0,0,0,0,--,2015-03-27 22:17:19.760000
46,Georgetown,4,South,false,false,true,true,false,0,0,0,0,--,2015-03-27 22:17:19.760000
331,Eastern Washington,13,South,false,false,true,false,false,0,0,0,0,--,2015-03-27 22:17:19.760000
2567,Southern Methodist,6,South,false,false,true,false,false,0,0,0,0,--,2015-03-27 22:17:19.760000
26,UCLA,11,South,false,false,true,true,true,0,0,0,0,--,2015-03-27 22:17:19.760000
66,Iowa State,3,South,false,false,true,false,false,0,0,0,0,--,2015-03-27 22:17:19.760000
5,UAB,14,South,false,false,true,true,false,0,0,0,0,--,2015-03-27 22:17:19.760000
2294,Iowa,7,South,false,false,true,true,false,0,0,0,0,--,2015-03-27 22:17:19.760000
2166,Davidson,10,South,false,false,true,false,false,0,0,0,0,--,2015-03-27 22:17:19.760000
2250,Gonzaga,2,South,false,true,true,true,true,1,0.449542688439,0.244584688838,0.0554127530668,17.0463872422,2015-03-27 22:17:19.760000
2449,North Dakota State,15,South,false,false,true,false,false,0,0,0,0,--,2015-03-27 22:17:19.760000
222,Villanova,1,East,false,false,true,true,false,0,0,0,0,--,2015-03-27 22:17:19.760000
322,Lafayette,16,East,false,false,true,false,false,0,0,0,0,--,2015-03-27 22:17:19.760000
152,North Carolina State,8,East,false,false,true,true,true,0,0,0,0,--,2015-03-27 22:17:19.760000
99,LSU,9,East,false,false,true,false,false,0,0,0,0,--,2015-03-27 22:17:19.760000
2460,Northern Iowa,5,East,false,false,true,true,false,0,0,0,0,--,2015-03-27 22:17:19.760000
2751,Wyoming,12,East,false,false,true,false,false,0,0,0,0,--,2015-03-27 22:17:19.760000
97,Louisville,4,East,false,true,true,true,true,1,0.423218248948,0.164764636084,0.0310768721807,31.1782705217,2015-03-27 22:17:19.760000
300,UC Irvine,13,East,false,false,true,false,false,0,0,0,0,--,2015-03-27 22:17:19.760000
2507,Providence,6,East,false,false,true,false,false,0,0,0,0,--,2015-03-27 22:17:19.760000
68,Boise State,11a,East,true,false,false,false,false,0,0,0,0,--,2015-03-27 22:17:19.760000
2168,Dayton,11b,East,true,false,true,true,false,0,0,0,0,--,2015-03-27 22:17:19.760000
201,Oklahoma,3,East,false,true,true,true,true,0.459757726236,0.255056028785,0.102800851326,0.0201656437789,48.589292113,2015-03-27 22:17:19.760000
399,Albany,14,East,false,false,true,false,false,0,0,0,0,--,2015-03-27 22:17:19.760000
127,Michigan State,7,East,false,true,true,true,true,0.540242273764,0.321725722268,0.143446845745,0.032536764509,29.7344634628,2015-03-27 22:17:19.760000
61,Georgia,10,East,false,false,true,false,false,0,0,0,0,--,2015-03-27 22:17:19.760000
258,Virginia,2,East,false,false,true,true,false,0,0,0,0,--,2015-03-27 22:17:19.760000
2057,Belmont,15,East,false,false,true,false,false,0,0,0,0,--,2015-03-27 22:17:19.760000
