{"name":"gmoney_nba-rookies-by-min-1980-2016","title":"NBA Rookies by Min (1980-2016)","description":"This data set includes all rookies from 1980-2016. They're sorted by most minutes played and includes per game averages.\n\nNBA Rookies in decending order by minutes played and draft year. \nThe data set also includes per game statistics for:\n\n* PTS  \n* FGM  \n* FGA  \n* FG%  \n* 3P Made  \n* 3PA  \n* 3P%  \n* FTM  \n* FTA  \n* FT%  \n* OREB  \n* DREB  \n* REB  \n* AST  \n* STL  \n* BLK  \n* TOV  \n* EFF  \n\n**_Source:_** NBA.com","homepage":"https://data.world/gmoney/nba-rookies-by-min-1980-2016","resources":[{"name":"nba_rookies_by_year","schema":{"fields":[{"name":"name","title":"Name","type":"string","rdfType":"http://www.w3.org/2001/XMLSchema#string"},{"name":"year_drafted","title":"Year Drafted","type":"integer","rdfType":"http://www.w3.org/2001/XMLSchema#integer"},{"name":"gp","title":"GP","type":"integer","rdfType":"http://www.w3.org/2001/XMLSchema#integer"},{"name":"min","title":"MIN","type":"number","rdfType":"http://www.w3.org/2001/XMLSchema#decimal"},{"name":"pts","title":"PTS","type":"number","rdfType":"http://www.w3.org/2001/XMLSchema#decimal"},{"name":"fgm","title":"FGM","type":"number","rdfType":"http://www.w3.org/2001/XMLSchema#decimal"},{"name":"fga","title":"FGA","type":"number","rdfType":"http://www.w3.org/2001/XMLSchema#decimal"},{"name":"fg","title":"FG%","type":"number","rdfType":"http://www.w3.org/2001/XMLSchema#decimal"},{"name":"3p_made","title":"3P Made","type":"number","rdfType":"http://www.w3.org/2001/XMLSchema#decimal"},{"name":"3pa","title":"3PA","type":"number","rdfType":"http://www.w3.org/2001/XMLSchema#decimal"},{"name":"3p","title":"3P%","type":"string","rdfType":"http://www.w3.org/2001/XMLSchema#string"},{"name":"ftm","title":"FTM","type":"number","rdfType":"http://www.w3.org/2001/XMLSchema#decimal"},{"name":"fta","title":"FTA","type":"number","rdfType":"http://www.w3.org/2001/XMLSchema#decimal"},{"name":"ft","title":"FT%","type":"number","rdfType":"http://www.w3.org/2001/XMLSchema#decimal"},{"name":"oreb","title":"OREB","type":"number","rdfType":"http://www.w3.org/2001/XMLSchema#decimal"},{"name":"dreb","title":"DREB","type":"number","rdfType":"http://www.w3.org/2001/XMLSchema#decimal"},{"name":"reb","title":"REB","type":"number","rdfType":"http://www.w3.org/2001/XMLSchema#decimal"},{"name":"ast","title":"AST","type":"number","rdfType":"http://www.w3.org/2001/XMLSchema#decimal"},{"name":"stl","title":"STL","type":"number","rdfType":"http://www.w3.org/2001/XMLSchema#decimal"},{"name":"blk","title":"BLK","type":"number","rdfType":"http://www.w3.org/2001/XMLSchema#decimal"},{"name":"tov","title":"TOV","type":"number","rdfType":"http://www.w3.org/2001/XMLSchema#decimal"},{"name":"eff","title":"EFF","type":"number","rdfType":"http://www.w3.org/2001/XMLSchema#decimal"}]},"path":"data/nba_rookies_by_year.csv","format":"csv"},{"name":"nba_rookies_by_year_hall_of_fame_class","schema":{"fields":[{"name":"name","title":"Name","type":"string","rdfType":"http://www.w3.org/2001/XMLSchema#string"},{"name":"hall_of_fame_class","title":"Hall of Fame Class","type":"integer","rdfType":"http://www.w3.org/2001/XMLSchema#integer"},{"name":"year_drafted","title":"Year Drafted","type":"integer","rdfType":"http://www.w3.org/2001/XMLSchema#integer"},{"name":"gp","title":"GP","type":"integer","rdfType":"http://www.w3.org/2001/XMLSchema#integer"},{"name":"min","title":"MIN","type":"number","rdfType":"http://www.w3.org/2001/XMLSchema#decimal"},{"name":"pts","title":"PTS","type":"number","rdfType":"http://www.w3.org/2001/XMLSchema#decimal"},{"name":"fgm","title":"FGM","type":"number","rdfType":"http://www.w3.org/2001/XMLSchema#decimal"},{"name":"fga","title":"FGA","type":"number","rdfType":"http://www.w3.org/2001/XMLSchema#decimal"},{"name":"fg","title":"FG%","type":"number","rdfType":"http://www.w3.org/2001/XMLSchema#decimal"},{"name":"3p_made","title":"3P Made","type":"number","rdfType":"http://www.w3.org/2001/XMLSchema#decimal"},{"name":"3pa","title":"3PA","type":"number","rdfType":"http://www.w3.org/2001/XMLSchema#decimal"},{"name":"3p","title":"3P%","type":"string","rdfType":"http://www.w3.org/2001/XMLSchema#string"},{"name":"ftm","title":"FTM","type":"number","rdfType":"http://www.w3.org/2001/XMLSchema#decimal"},{"name":"fta","title":"FTA","type":"number","rdfType":"http://www.w3.org/2001/XMLSchema#decimal"},{"name":"ft","title":"FT%","type":"number","rdfType":"http://www.w3.org/2001/XMLSchema#decimal"},{"name":"oreb","title":"OREB","type":"number","rdfType":"http://www.w3.org/2001/XMLSchema#decimal"},{"name":"dreb","title":"DREB","type":"number","rdfType":"http://www.w3.org/2001/XMLSchema#decimal"},{"name":"reb","title":"REB","type":"number","rdfType":"http://www.w3.org/2001/XMLSchema#decimal"},{"name":"ast","title":"AST","type":"number","rdfType":"http://www.w3.org/2001/XMLSchema#decimal"},{"name":"stl","title":"STL","type":"number","rdfType":"http://www.w3.org/2001/XMLSchema#decimal"},{"name":"blk","title":"BLK","type":"number","rdfType":"http://www.w3.org/2001/XMLSchema#decimal"},{"name":"tov","title":"TOV","type":"number","rdfType":"http://www.w3.org/2001/XMLSchema#decimal"},{"name":"eff","title":"EFF","type":"number","rdfType":"http://www.w3.org/2001/XMLSchema#decimal"}]},"path":"data/nba_rookies_by_year_hall_of_fame_class.csv","format":"csv"},{"name":"original/NBA Rookies by Year.xlsx","path":"original/NBA Rookies by Year.xlsx","format":"xlsx","mediatype":"application/vnd.openxmlformats-officedocument.spreadsheetml.sheet","bytes":259910},{"name":"original/NBA Rookies by Year_Hall of Fame Class.xlsx","path":"original/NBA Rookies by Year_Hall of Fame Class.xlsx","format":"xlsx","mediatype":"application/vnd.openxmlformats-officedocument.spreadsheetml.sheet","bytes":345758}],"keywords":["sports","nba","rookies","basketball","professional sports"]}