{"name":"fivethirtyeight_nba-draft-2015","title":"NBA Draft 2015","description":"**See Readme for more details.**\n This repository contains a selection of the data -- and the data-processing scripts -- behind the articles, graphics and interactives at FiveThirtyEight.\n\n We hope you'll use it to check our work and to create stories and visualizations of your own. The data is available under the [Creative Commons Attribution 4.0 International License](http://creativecommons.org/licenses/by/4.0/) and the code is available under the [MIT License](http://opensource.org/licenses/MIT). If you do find it useful, please let us know](andrei.scheinkman@fivethirtyeight.com).\n\n**_Source:_** https://github.com/fivethirtyeight/data","homepage":"https://data.world/fivethirtyeight/nba-draft-2015","license":"CC-BY","resources":[{"name":"historical_projections","schema":{"fields":[{"name":"player","title":"Player","type":"string","rdfType":"http://www.w3.org/2001/XMLSchema#string"},{"name":"position","title":"Position","type":"string","rdfType":"http://www.w3.org/2001/XMLSchema#string"},{"name":"id","title":"ID","type":"string","rdfType":"http://www.w3.org/2001/XMLSchema#string"},{"name":"draft_year","title":"Draft Year","type":"gyear","rdfType":"http://www.w3.org/2001/XMLSchema#gYear"},{"name":"projected_spm","title":"Projected SPM","type":"number","rdfType":"http://www.w3.org/2001/XMLSchema#decimal"},{"name":"superstar","title":"Superstar","type":"number","rdfType":"http://www.w3.org/2001/XMLSchema#decimal"},{"name":"starter","title":"Starter","type":"number","rdfType":"http://www.w3.org/2001/XMLSchema#decimal"},{"name":"role_player","title":"Role Player","type":"number","rdfType":"http://www.w3.org/2001/XMLSchema#decimal"},{"name":"bust","title":"Bust","type":"number","rdfType":"http://www.w3.org/2001/XMLSchema#decimal"}]},"path":"data/historical_projections.csv","format":"csv"},{"name":"original/README.md","path":"original/README.md","format":"md","mediatype":"text/plain","bytes":806},{"name":"original/historical_projections.csv","path":"original/historical_projections.csv","format":"csv","mediatype":"text/csv","bytes":102206}],"keywords":["basketball","nba","bball","professional","sports","entertainment"]}