{"name":"sports_ncaa-mens-march-madness","title":"NCAA Men's March Madness","description":"NCAA Men's March Madness Historical Results, 1985-2015\n\nHistory of March Madness Results, just added to the doc have been the years 2013-2016.  \nSource: [hoopstournament.net](http://www.hoopstournament.net/StandardReports/By_Year.pdf)   \nRetrieved from: [https://www.reddit.com/r/datasets/](https://www.reddit.com/r/datasets/comments/1aiexb/ncaa_mens_march_madness_historical_results/), posted by [dataremixed](https://www.reddit.com/user/dataremixed)","homepage":"https://data.world/sports/ncaa-mens-march-madness","license":"Other","resources":[{"name":"ncaa_mens_march_madness_historical_results","schema":{"fields":[{"name":"date","title":"Date","type":"date","rdfType":"http://www.w3.org/2001/XMLSchema#date"},{"name":"round","title":"Round","type":"string","rdfType":"http://www.w3.org/2001/XMLSchema#string"},{"name":"region","title":"Region","type":"string","rdfType":"http://www.w3.org/2001/XMLSchema#string"},{"name":"winning_seed","title":"Winning Seed","type":"integer","rdfType":"http://www.w3.org/2001/XMLSchema#integer"},{"name":"winner","title":"Winner","type":"string","rdfType":"http://www.w3.org/2001/XMLSchema#string"},{"name":"winning_score","title":"Winning Score","type":"integer","rdfType":"http://www.w3.org/2001/XMLSchema#integer"},{"name":"losing_seed","title":"Losing Seed","type":"integer","rdfType":"http://www.w3.org/2001/XMLSchema#integer"},{"name":"loser","title":"Loser","type":"string","rdfType":"http://www.w3.org/2001/XMLSchema#string"},{"name":"losing_score","title":"Losing Score","type":"integer","rdfType":"http://www.w3.org/2001/XMLSchema#integer"},{"name":"overtime","title":"Overtime","type":"string","rdfType":"http://www.w3.org/2001/XMLSchema#string"}]},"path":"data/ncaa_mens_march_madness_historical_results.csv","format":"csv"},{"name":"original/NCAA Mens March Madness Historical Results.csv","path":"original/NCAA Mens March Madness Historical Results.csv","format":"csv","mediatype":"text/csv","bytes":129002}],"keywords":["basketball","ncaa","college sports","march madness","sweet sixteen","college basketball"]}