player,name_tattoos,yes_no
A.J.,"Price,no",
Aaron,"Gray,no",
Al,"Horford,no",
Al,"Jefferson,no",
Al,"Thornton,no",
Alan,"Anderson,no",
Alec,"Burks,no",
Alexey,"Shved,no",
Anderson,"Varejao,no",
Andrea,"Bargnani,no",
Andrew,"Bynum,no",
Andrew,"Nicholson,no",
Andris,"Biedrins,no",
Anthony,"Davis,no",
Anthony,"Parker,no",
Anthony,"Tolliver,no",
Antonio,"McDyess,no",
Arron,"Afflalo,no",
Avery,"Bradley,no",
Beno,"Udrih,no",
Bismack,"Biyombo,no",
Blake,"Griffin,no",
Boris,"Diaw,no",
Brandan,"Wright,no",
Brandon,"Knight,no",
Brandon,"Roy,no",
Brendan,"Haywood,no",
Brian,"Cardinal,no",
Brian,"Cook,no",
Brian,"Scalabrine,no",
Brook,"Lopez,no",
Carl,"Landry,no",
Chandler,"Parsons,no",
Charles,"Jenkins,no",
Chase,"Budinger,no",
Chris,"Copeland,no",
Chris,"Kaman,no",
Chris,"Paul,no",
Chris,"Quinn,no",
Chris,"Singleton,no",
Christian,"Eyenga,no",
Chuck,"Hayes,no",
Cody,"Zeller,no",
Cole,"Aldrich,no",
Cory,"Joseph,no",
Craig,"Smith,no",
D.J.,"White,no",
Danny,"Granger,no",
Darius,"Miller,no",
Darius,"Morris,no",
Darius,"Songaila,no",
Darko,"Milicic,no",
Darren,"Collison,no",
David,"Andersen,no",
Derrick,"Brown,no",
Derrick,"Williams,no",
DeSagana,"Diop,no",
Didier,"Ilunga-Mbenga,no",
Dirk,"Nowitzki,no",
Doron,"Lamb,no",
Dwight,"Howard,no",
Dwyane,"Wade,no",
Earl,"Barron,no",
Earl,"Boykins,no",
Eduardo,"Najera,no",
Ekpe,"Udoh,no",
Elliot,"Williams,no",
Elton,"Brand,no",
Emeka,"Okafor,no",
Enes,"Kanter,no",
Eric,"Gordon,no",
Erick,"Dampier,no",
Ersan,"Ilyasova,no",
Etan,"Thomas,no",
Evan,"Turner,no",
Festus,"Ezeli,no",
Francisco,"Elson,no",
Francisco,"Garcia,no",
Garrett,"Temple,no",
Gary,"Neal,no",
Gerald,"Henderson,no",
Giannis,"Antetokounmpo,no",
Goran,"Dragic,no",
Gordon,"Hayward,no",
Grant,"Hill,no",
Greg,"Stiemsma,no",
Greivis,"Vasquez,no",
Gustavo,"Ayon,no",
Hakim,"Warrick,no",
Harrison,"Barnes,no",
Hasheem,"Thabeet,no",
Hedo,"Turkoglu,no",
Hollis,"Thompson,no",
Ian,"Mahinmi,no",
Ike,"Diogu,no",
Ishmael,"Smith,no",
James,"Harden,no",
Jan,"Vesely,no",
Jannero,"Pargo,no",
Jared,"Dudley,no",
Jared,"Sullinger,no",
Jarrett,"Jack,no",
Jason,"Collins,no",
Jason,"Kapono,no",
Jason,"Smith,no",
Jason,"Thompson,no",
Jeff,"Adrien,no",
Jeff,"Foster,no",
Jeff,"Green,no",
Jeremy,"Evans,no",
Jeremy,"Lin,no",
Jeremy,"Pargo,no",
Jimmer,"Fredette,no",
Jimmy,"Butler,no",
Joakim,"Noah,no",
Jodie,"Meeks,no",
Joel,"Anthony,no",
Joey,"Graham,no",
Jon,"Leuer,no",
Jonas,"Jerebko,no",
Jonny,"Flynn,no",
Jordan,"Crawford,no",
Jose,"Barea,no",
Jose,"Calderon,no",
Josh,"Childress,no",
Josh,"McRoberts,no",
Jrue,"Holiday,no",
Julian,"Wright,no",
Kelly,"Olynyk,no",
Kemba,"Walker,no",
Kenneth,"Faried,no",
Kevin,"Love,no",
Kevin,"Martin,no",
Khris,"Middleton,no",
Klay,"Thompson,no",
Kosta,"Koufos,no",
Kris,"Humphries,no",
Kurt,"Thomas,no",
Kyle,"Lowry,no",
Kyle,"Singler,no",
Kyrylo,"Fesenko,no",
Landry,"Fields,no",
Lavoy,"Allen,no",
Leon,"Powe,no",
Linas,"Kleiza,no",
Luc,Mbah,a
Luis,"Scola,no",
Luke,"Babbitt,no",
Luke,"Ridnour,no",
Luol,"Deng,no",
Manu,"Ginobili,no",
Marc,"Gasol,no",
Marco,"Belinelli,no",
Marcus,"Banks,no",
Mason,"Plumlee,no",
Matt,"Bonner,no",
Matt,"Carroll,no",
Matthew,"Dellavedova,no",
Maurice,"Harkless,no",
Mehmet,"Okur,no",
Michael,"Carter-Williams,no",
Michael,"Redd,no",
Mike,"Dunleavy,no",
Miles,"Plumlee,no",
Mirza,"Teletovic,no",
Nando,De,"Colo,no"
Nate,"Wolters,no",
Nenad,"Krstic,no",
Nene,"Hilario,no",
Nick,"Calathes,no",
Nick,"Collison,no",
Nicolas,"Batum,no",
Nikola,"Vucevic,no",
Norris,"Cole,no",
Omer,"Asik,no",
Omri,"Casspi,no",
Pablo,"Prigioni,no",
Patrick,"Mills,no",
Pau,"Gasol,no",
Peja,"Stojakovic,no",
Phil,"Pressey,no",
Quincy,"Pondexter,no",
Ramon,"Sessions,no",
Ray,"Allen,no",
Raymond,"Felton,no",
Reggie,"Jackson,no",
Robin,"Lopez,no",
Rodrigue,"Beaubois,no",
Ronnie,"Price,no",
Roy,"Hibbert,no",
Russell,"Westbrook,no",
Ryan,"Anderson,no",
Ryan,"Hollins,no",
Ryan,"Kelly,no",
Sam,"Young,no",
Samardo,"Samuels,no",
Samuel,"Dalembert,no",
Sasha,"Vujacic,no",
Sean,"Marks,no",
Sean,"Williams,no",
Serge,"Ibaka,no",
Shane,"Battier,no",
Shaun,"Livingston,no",
Spencer,"Hawes,no",
Stephen,"Graham,no",
Steve,"Novak,no",
Sundiata,"Gaines,no",
T.J.,"Ford,no",
Taj,"Gibson,no",
Tayshaun,"Prince,no",
Terrence,"Ross,no",
Thaddeus,"Young,no",
Theo,"Ratliff,no",
Tiago,"Splitter,no",
Tim,Hardaway,"Jr.,no"
Timofey,"Mozgov,no",
Tobias,"Harris,no",
Toney,"Douglas,no",
Tony,"Allen,no",
Travis,"Outlaw,no",
Troy,"Murphy,no",
Tyler,"Hansbrough,no",
Tyler,"Zeller,no",
Tyreke,"Evans,no",
Victor,"Oladipo,no",
Vince,"Carter,no",
Vladimir,"Radmanovic,no",
Wesley,"Johnson,no",
Willie,"Green,no",
Xavier,"Henry,no",
Yao,"Ming,no",
Yi,"Jianlian,no",
Zaza,"Pachulia,no",
Zydrunas,"Ilgauskas,no",
Alex,"Len,no",
Andre,"Roberson,no",
Armon,"Johnson,no",
Ben,"Uzoh,no",
Brandon,"Davies,no",
C.J.,"McCollum,no",
Carldell,"Johnson,no",
Chris,"Wright,no",
Cory,"Higgins,no",
Craig,"Brackins,no",
Daniel,"Orton,no",
Darington,"Hobson,no",
Dexter,"Pittman,no",
Erik,"Murphy,no",
Gal,"Mekel,no",
Gani,"Lawal,no",
Garret,"Siler,no",
Glen,"Rice,no",
Gorgui,"Dieng,no",
Hassan,"Whiteside,no",
Ian,"Clark,no",
JaJuan,"Johnson,no",
James,"Southerland,no",
Jared,"Cunningham,no",
Jeff,"Withey,no",
Jerome,"Jordan,no",
Joey,"Dorsey,no",
Josh,"Davis,no",
Larry,"Owens,no",
Lazar,"Hayward,no",
Luigi,"Datome,no",
Luke,"Harangody,no",
Malcolm,"Lee,no",
Mike,"Harris,no",
Mychel,"Thompson,no",
Nemanja,"Nedovic,no",
Ognjen,"Kuzmic,no",
Othyus,"Jeffers,no",
Otto,"Porter,no",
Pape,"Sy,no",
Patrick,Ewing,"Jr.,no"
Robbie,"Hummel,no",
Rudy,"Gobert,no",
Scotty,"Hopson,no",
Semih,"Erden,no",
Sergey,"Karasev,no",
Solomon,"Alabi,no",
Solomon,"Hill,no",
Terrel,"Harris,no",
Tornike,"Shengelia,no",
Toure',"Murry,no",
Viacheslav,"Kravtsov,no",
Victor,"Claver,no",
Zabian,"Dowdell,no",
Aaron,"Brooks,yes",
Acie,"Law,yes",
Al,"Harrington,yes",
Al-Farouq,"Aminu,yes",
Alexis,"Ajinca,yes",
Alonzo,"Gee,yes",
Amar'e,"Stoudemire,yes",
Amir,"Johnson,yes",
Andray,"Blatche,yes",
Andre,"Drummond,yes",
Andre,"Iguodala,yes",
Andre,"Miller,yes",
Andrei,"Kirilenko,yes",
Andres,"Nocioni,yes",
Andrew,"Bogut,yes",
Antawn,"Jamison,yes",
Anthony,"Carter,yes",
Anthony,"Morrow,yes",
Anthony,"Randolph,yes",
Antonio,"Daniels,yes",
Austin,"Daye,yes",
Austin,"Rivers,yes",
Baron,"Davis,yes",
Ben,"Gordon,yes",
Ben,"McLemore,yes",
Ben,"Wallace,yes",
Bill,"Walker,yes",
Brad,"Miller,yes",
Bradley,"Beal,yes",
Brandon,"Bass,yes",
Brandon,"Jennings,yes",
Brandon,"Rush,yes",
Brian,"Roberts,yes",
Brian,"Skinner,yes",
Byron,"Mullens,yes",
C.J.,"Miles,yes",
C.J.,"Watson,yes",
Carlos,"Arroyo,yes",
Carlos,"Boozer,yes",
Carlos,"Delfino,yes",
Carmelo,"Anthony,yes",
Caron,"Butler,yes",
Cartier,"Martin,yes",
Channing,"Frye,yes",
Charlie,"Bell,yes",
Charlie,"Villanueva,yes",
Chauncey,"Billups,yes",
Chris,"Andersen,yes",
Chris,"Bosh,yes",
Chris,"Douglas-Roberts,yes",
Chris,"Duhon,yes",
Chris,"Wilcox,yes",
Corey,"Brewer,yes",
Corey,"Maggette,yes",
Courtney,"Lee,yes",
D.J.,"Augustin,yes",
Daequan,"Cook,yes",
Dahntay,"Jones,yes",
Damian,"Lillard,yes",
Damien,"Wilkins,yes",
Dan,"Gadzuric,yes",
Daniel,"Gibson,yes",
Danilo,"Gallinari,yes",
Danny,"Green,yes",
Dante,"Cunningham,yes",
Darnell,"Jackson,yes",
Darrell,"Arthur,yes",
David,"Lee,yes",
David,"West,yes",
DeAndre,"Jordan,yes",
DeJuan,"Blair,yes",
Delonte,"West,yes",
DeMar,"DeRozan,yes",
DeMarcus,"Cousins,yes",
DeMarre,"Carroll,yes",
Derek,"Fisher,yes",
Deron,"Williams,yes",
Derrick,"Favors,yes",
Derrick,"Rose,yes",
DeShawn,"Stevenson,yes",
Devin,"Harris,yes",
Dion,"Waiters,yes",
Dominic,"McGuire,yes",
Donald,"Sloan,yes",
Donatas,"Motiejunas,yes",
Donte,"Greene,yes",
Dorell,"Wright,yes",
Draymond,"Green,yes",
Drew,"Gooden,yes",
E'Twaun,"Moore,yes",
Earl,"Clark,yes",
Earl,"Watson,yes",
Ed,"Davis,yes",
Eddie,"House,yes",
Eddy,"Curry,yes",
Eric,"Bledsoe,yes",
Eric,"Maynor,yes",
Evan,"Fournier,yes",
Gary,"Forbes,yes",
George,"Hill,yes",
Gerald,"Green,yes",
Gerald,"Wallace,yes",
Gilbert,"Arenas,yes",
Glen,"Davis,yes",
Greg,"Monroe,yes",
Greg,"Oden,yes",
Greg,"Smith,yes",
Hamed,"Haddadi,yes",
Hilton,"Armstrong,yes",
Iman,"Shumpert,yes",
Isaiah,"Thomas,yes",
Ivan,"Johnson,yes",
J.J.,"Hickson,yes",
J.J.,"Redick,yes",
J.R.,"Smith,yes",
Jae,"Crowder,yes",
Jamaal,"Tinsley,yes",
Jamal,"Crawford,yes",
Jamario,"Moon,yes",
Jameer,"Nelson,yes",
James,"Anderson,yes",
James,"Johnson,yes",
James,"Jones,yes",
James,"Posey,yes",
Jared,"Jeffries,yes",
Jason,"Kidd,yes",
Jason,"Maxiell,yes",
Jason,"Richardson,yes",
Jason,"Terry,yes",
Jason,"Williams,yes",
JaVale,"McGee,yes",
Jeff,"Ayres,yes",
Jeff,"Teague,yes",
Jeffery,"Taylor,yes",
Jeremy,"Lamb,yes",
Jeremy,"Tyler,yes",
Jermaine,"O'Neal,yes",
Jerry,"Stackhouse,yes",
Jerryd,"Bayless,yes",
Joe,"Johnson,yes",
Joe,"Smith,yes",
Joel,"Freeland,yes",
Joel,"Przybilla,yes",
Johan,"Petro,yes",
John,"Henson,yes",
John,"Jenkins,yes",
John,"Lucas,yes",
John,"Salmons,yes",
John,"Wall,yes",
Jon,"Brockman,yes",
Jonas,"Valanciunas,yes",
Jordan,"Farmar,yes",
Jordan,"Hamilton,yes",
Jordan,"Hill,yes",
Josh,"Howard,yes",
Josh,"Powell,yes",
Josh,"Smith,yes",
Juwan,"Howard,yes",
Kawhi,"Leonard,yes",
Keith,"Bogans,yes",
Kendrick,"Perkins,yes",
Kent,"Bazemore,yes",
Kentavious,"Caldwell-Pope,yes",
Kenyon,"Martin,yes",
Kevin,"Durant,yes",
Kevin,"Garnett,yes",
Kevin,"Seraphin,yes",
Keyon,"Dooling,yes",
Kirk,"Hinrich,yes",
Kobe,"Bryant,yes",
Kwame,"Brown,yes",
Kyle,"Korver,yes",
Kyle,"O'Quinn,yes",
Kyrie,"Irving,yes",
Lamar,"Odom,yes",
LaMarcus,"Aldridge,yes",
Lance,"Stephenson,yes",
Lance,"Thomas,yes",
Larry,"Hughes,yes",
Larry,"Sanders,yes",
Leandro,"Barbosa,yes",
LeBron,"James,yes",
Louis,"Amundson,yes",
Louis,"Williams,yes",
Luke,"Walton,yes",
Luther,"Head,yes",
Malik,"Allen,yes",
Manny,"Harris,yes",
Marcin,"Gortat,yes",
Marcus,"Camby,yes",
Marcus,"Morris,yes",
Marcus,"Thornton,yes",
Mario,"Chalmers,yes",
Markieff,"Morris,yes",
Marquis,"Daniels,yes",
Marreese,"Speights,yes",
MarShon,"Brooks,yes",
Martell,"Webster,yes",
Marvin,"Williams,yes",
Matt,"Barnes,yes",
Maurice,"Evans,yes",
Melvin,"Ely,yes",
Metta,World,"Peace,yes"
Meyers,"Leonard,yes",
Michael,"Beasley,yes",
Michael,"Kidd-Gilchrist,yes",
Mickael,"Pietrus,yes",
Mike,"Bibby,yes",
Mike,"Conley,yes",
Mike,"Miller,yes",
Mike,"Scott,yes",
Mo,"Williams,yes",
Monta,"Ellis,yes",
Morris,"Peterson,yes",
Nate,"Robinson,yes",
Nazr,"Mohammed,yes",
Nick,"Young,yes",
Nikola,"Pekovic,yes",
O.J.,"Mayo,yes",
Orlando,"Johnson,yes",
P.J.,"Tucker,yes",
Patrick,"Beverley,yes",
Patrick,"Patterson,yes",
Paul,"George,yes",
Paul,"Millsap,yes",
Paul,"Pierce,yes",
Perry,"Jones,yes",
Quentin,"Richardson,yes",
Quincy,"Acy,yes",
Quinton,"Ross,yes",
Raja,"Bell,yes",
Rajon,"Rondo,yes",
Randy,"Foye,yes",
Rashard,"Lewis,yes",
Rasual,"Butler,yes",
Reggie,"Evans,yes",
Reggie,"Williams,yes",
Renaldo,"Balkman,yes",
Richard,"Hamilton,yes",
Richard,"Jefferson,yes",
Ricky,"Rubio,yes",
Robert,"Sacre,yes",
Rodney,"Stuckey,yes",
Roger,"Mason,yes",
Ronnie,"Brewer,yes",
Ronny,"Turiaf,yes",
Royal,"Ivey,yes",
Rudy,"Fernandez,yes",
Rudy,"Gay,yes",
Ryan,"Gomes,yes",
Sasha,"Pavlovic,yes",
Sebastian,"Telfair,yes",
Shannon,"Brown,yes",
Shaquille,"O'Neal,yes",
Shawn,"Marion,yes",
Shawne,"Williams,yes",
Shelden,"Williams,yes",
Shelvin,"Mack,yes",
Solomon,"Jones,yes",
Sonny,"Weems,yes",
Stephen,"Curry,yes",
Stephen,"Jackson,yes",
Steve,"Blake,yes",
Steve,"Nash,yes",
Steven,"Adams,yes",
Terrence,"Jones,yes",
Terrence,"Williams,yes",
Thabo,"Sefolosha,yes",
Thomas,"Robinson,yes",
Tim,"Duncan,yes",
Tony,"Battie,yes",
Tony,"Parker,yes",
Tony,"Snell,yes",
Tony,"Wroten,yes",
Tracy,"McGrady,yes",
Trevor,"Ariza,yes",
Trevor,"Booker,yes",
Trey,"Burke,yes",
Tristan,"Thompson,yes",
Ty,"Lawson,yes",
Tyrus,"Thomas,yes",
Tyson,"Chandler,yes",
Udonis,"Haslem,yes",
Von,"Wafer,yes",
Wayne,"Ellington,yes",
Wesley,"Matthews,yes",
Will,"Barton,yes",
Will,"Bynum,yes",
Wilson,"Chandler,yes",
Zach,"Randolph,yes",
Allen,"Crabbe,yes",
Andrew,"Goudelock,yes",
Andy,"Rautins,yes",
Anthony,"Bennett,yes",
Archie,"Goodwin,yes",
Arnett,"Moultrie,yes",
Bernard,"James,yes",
Carrick,"Felix,yes",
Chris,"Babb,yes",
Chris,"Johnson,yes",
Chris,"Smith,yes",
DaJuan,"Summers,yes",
Damion,"James,yes",
DeAndre,"Liggins,yes",
Dennis,"Horner,yes",
Dennis,"Schr_der,yes",
Derrick,"Caracter,yes",
Devin,"Ebanks,yes",
Dominique,"Jones,yes",
Dwight,"Buycks,yes",
Eugene,"Jeter,yes",
Hamady,"N'Diaye,yes",
Henry,"Sims,yes",
Isaiah,"Canaan,yes",
Jamaal,"Franklin,yes",
Jermaine,"Taylor,yes",
Jordan,"Williams,yes",
Josh,"Harrellson,yes",
Josh,"Selby,yes",
Julyan,"Stone,yes",
Justin,"Harper,yes",
Lorenzo,"Brown,yes",
Maalik,"Wayns,yes",
Mario,"West,yes",
Marquis,"Teague,yes",
Mickell,"Gladness,yes",
Miroslav,"Raduljica,yes",
Nolan,"Smith,yes",
Pero,"Antic,yes",
Peyton,"Siva,yes",
Quincy,"Miller,yes",
Reggie,"Bullock,yes",
Ricky,"Ledo,yes",
Robert,"Covington,yes",
Ryan,"Reid,yes",
Shabazz,"Muhammad,yes",
Shane,"Larkin,yes",
Sherron,"Collins,yes",
Tony,"Mitchell,yes",
Travis,"Leslie,yes",
Trey,"Johnson,yes",
Trey,"Thompkins,yes",
Troy,"Daniels,yes",
Tyler,"Honeycutt,yes",
Tyshawn,"Taylor,yes",
Vernon,"Macklin,yes",
Vitor,"Faverani,yes",
Willie,"Warren,yes",
