{"name":"gtsai_marchmadnessncaa","title":"MarchMadnessNCAA","description":"This dataset contains the locational shot data for the 2014-2017 NCAAM games.","homepage":"https://data.world/gtsai/marchmadnessncaa","resources":[{"name":"marchmadness_2014_2017_ncaam_shot_data","schema":{"fields":[{"name":"column_a","title":"Column A","type":"integer","rdfType":"http://www.w3.org/2001/XMLSchema#integer"},{"name":"v1","title":"V1","type":"date","rdfType":"http://www.w3.org/2001/XMLSchema#date"},{"name":"year","title":"year","type":"string","rdfType":"http://www.w3.org/2001/XMLSchema#string"},{"name":"shooter","title":"shooter","type":"string","rdfType":"http://www.w3.org/2001/XMLSchema#string"},{"name":"defender","title":"defender","type":"string","rdfType":"http://www.w3.org/2001/XMLSchema#string"},{"name":"v5","title":"V5","type":"string","rdfType":"http://www.w3.org/2001/XMLSchema#string"},{"name":"v6","title":"V6","type":"string","rdfType":"http://www.w3.org/2001/XMLSchema#string"},{"name":"v7","title":"V7","type":"string","rdfType":"http://www.w3.org/2001/XMLSchema#string"},{"name":"v8","title":"V8","type":"integer","rdfType":"http://www.w3.org/2001/XMLSchema#integer"},{"name":"v9","title":"V9","type":"integer","rdfType":"http://www.w3.org/2001/XMLSchema#integer"},{"name":"quarter","title":"Quarter","type":"integer","rdfType":"http://www.w3.org/2001/XMLSchema#integer"},{"name":"positionleft","title":"positionleft","type":"number","rdfType":"http://www.w3.org/2001/XMLSchema#decimal"},{"name":"positiontop","title":"positiontop","type":"number","rdfType":"http://www.w3.org/2001/XMLSchema#decimal"},{"name":"awaypositionleft","title":"awaypositionleft","type":"number","rdfType":"http://www.w3.org/2001/XMLSchema#decimal"},{"name":"awaypositiontop","title":"awaypositiontop","type":"number","rdfType":"http://www.w3.org/2001/XMLSchema#decimal"},{"name":"threepflag","title":"threepFlag","type":"boolean","rdfType":"http://www.w3.org/2001/XMLSchema#boolean"},{"name":"pointscored","title":"pointscored","type":"integer","rdfType":"http://www.w3.org/2001/XMLSchema#integer"},{"name":"pointsdefended","title":"pointsdefended","type":"integer","rdfType":"http://www.w3.org/2001/XMLSchema#integer"},{"name":"assistflag","title":"assistflag","type":"boolean","rdfType":"http://www.w3.org/2001/XMLSchema#boolean"},{"name":"v19","title":"V19","type":"string","rdfType":"http://www.w3.org/2001/XMLSchema#string"},{"name":"gameid","title":"gameID","type":"string","rdfType":"http://www.w3.org/2001/XMLSchema#string"},{"name":"v21","title":"V21","type":"boolean","rdfType":"http://www.w3.org/2001/XMLSchema#boolean"}]},"path":"data/marchmadness_2014_2017_ncaam_shot_data.csv","format":"csv"},{"name":"original/MarchMadness 2014-2017 NCAAM Shot Data.csv","path":"original/MarchMadness 2014-2017 NCAAM Shot Data.csv","format":"csv","mediatype":"text/csv","bytes":95425505}],"keywords":["basketball","sports","marchmadness"]}