{"name":"gmoney_nba-all-stars-2000-2016","title":"NBA All Stars 2000-2016","description":"NBA All Stars 2000-2016\nSource: http://basketball.realgm.com/nba/allstar/game/rosters/2001\n\nNBA All Stars 2000-2016\n\nVariables:\n- Year\t\n- Player\t\n- Pos\t\n- HT\t\n- WT\t\n- NBA Team\t\n- Selection Type\t\n- NBA Draft Status\t\n- Nationality\n\nSource: http://basketball.realgm.com/nba/allstar/game/rosters/2001","homepage":"https://data.world/gmoney/nba-all-stars-2000-2016","resources":[{"name":"nba_all_star_games","schema":{"fields":[{"name":"year","title":"Year","type":"gyear","rdfType":"http://www.w3.org/2001/XMLSchema#gYear"},{"name":"player","title":"Player","type":"string","rdfType":"http://www.w3.org/2001/XMLSchema#string"},{"name":"pos","title":"Pos","type":"string","rdfType":"http://www.w3.org/2001/XMLSchema#string"},{"name":"ht","title":"HT","type":"string","rdfType":"http://www.w3.org/2001/XMLSchema#string"},{"name":"wt","title":"WT","type":"integer","rdfType":"http://www.w3.org/2001/XMLSchema#integer"},{"name":"team","title":"Team","type":"string","rdfType":"http://www.w3.org/2001/XMLSchema#string"},{"name":"selection_type","title":"Selection Type","type":"string","rdfType":"http://www.w3.org/2001/XMLSchema#string"},{"name":"nba_draft_status","title":"NBA Draft Status","type":"string","rdfType":"http://www.w3.org/2001/XMLSchema#string"},{"name":"nationality","title":"Nationality","type":"string","rdfType":"http://www.w3.org/2001/XMLSchema#string"}]},"path":"data/nba_all_star_games.csv","format":"csv"},{"name":"original/NBA All Star Games.xlsx","path":"original/NBA All Star Games.xlsx","format":"xlsx","mediatype":"application/vnd.openxmlformats-officedocument.spreadsheetml.sheet","bytes":60554}],"keywords":["nba","all stars","all pro","basketball","professional","sports","entertainment"]}