{"name":"gmoney_nba-team-annual-attendance","title":"NBA Team Annual Attendance","description":"Annual attendance for NBA teams 2000-2015.\nSource: http://www.espn.com/nba/attendance/_/year/2001\n\nNBA teams attendance. Data set covers years 2000-2015.\n\nVariables (for both home and away games):\n- Rank, Team, Total Games, Total Attendance, Avg Attendance, % Capactiy\n\nSource: http://www.espn.com/nba/attendance/_/year/2001","homepage":"https://data.world/gmoney/nba-team-annual-attendance","resources":[{"name":"nba_team_annual_attendance","schema":{"fields":[{"name":"starting_year","title":"Starting Year","type":"gyear","rdfType":"http://www.w3.org/2001/XMLSchema#gYear"},{"name":"rank","title":"Rank","type":"integer","rdfType":"http://www.w3.org/2001/XMLSchema#integer"},{"name":"team","title":"Team","type":"string","rdfType":"http://www.w3.org/2001/XMLSchema#string"},{"name":"home_total_games","title":"Home: Total Games","type":"integer","rdfType":"http://www.w3.org/2001/XMLSchema#integer"},{"name":"home_total_attendance","title":"Home: Total Attendance","type":"integer","rdfType":"http://www.w3.org/2001/XMLSchema#integer"},{"name":"home_avg_attendance","title":"Home: Avg Attendance","type":"integer","rdfType":"http://www.w3.org/2001/XMLSchema#integer"},{"name":"home_capactiy","title":"Home: % Capactiy","type":"string","rdfType":"http://www.w3.org/2001/XMLSchema#string"},{"name":"away_total_games","title":"Away: Total Games","type":"integer","rdfType":"http://www.w3.org/2001/XMLSchema#integer"},{"name":"away_total_attendance","title":"Away: Total Attendance","type":"integer","rdfType":"http://www.w3.org/2001/XMLSchema#integer"},{"name":"away_avg_attendance","title":"Away: Avg Attendance","type":"string","rdfType":"http://www.w3.org/2001/XMLSchema#string"},{"name":"away_capactiy","title":"Away: % Capactiy","type":"integer","rdfType":"http://www.w3.org/2001/XMLSchema#integer"}]},"path":"data/nba_team_annual_attendance.csv","format":"csv"},{"name":"original/NBA Team Annual Attendance.xlsx","path":"original/NBA Team Annual Attendance.xlsx","format":"xlsx","mediatype":"application/vnd.openxmlformats-officedocument.spreadsheetml.sheet","bytes":29687}],"keywords":["nba","stadiums","basketball","attendance","home court","entertainment"]}