{"name":"achou_nba-draft-combine-measurements","title":"NBA Draft Combine Measurements","description":"Measurements for NBA draft combine participants from DraftExpress.com\n\n# **Scraping NBA Draft Combine Data**\n> Using the Beautiful Soup and Pandas libraries in Python, I created a script that scrapes NBA draft combine measurements from [Draft Express](http://www.draftexpress.com/nba-pre-draft-measurements/2017/NBA+Draft+Combine/all/all/1/height/desc). This dataset contains data for all of the combine's data that Draft Express has. Draft Express has measurement data for players from other sources/events. I chose to only look at the NBA Draft Combine results, since those are usually referenced the most.\n\n#### **Notes**\n> The process of scraping and cleaning the data is found in the notebook file. A few things to point out:  \n>  * On the original site, the entry data that related to lengths or distances are all represented as strings in order to support the appropriate notation for measurements e.g. 7' 0\" (for height) or 9.5\" (for hand width). In order to have workable data that can be used for analysis and visualization, the measurements in inches were extracted instead. \n\nI would like to especially thank Chris Albon's [site](https://www.chrisalbon.com) for helping me to understand and learn how to use the Python libraries in the script. It's probably one of the most extensive and well-written resources for anyone interested in data science and machine learning, as it's filled with relevant examples and tutorials (especially in Python). I recommend checking it out and using it whenever you have any questions or issues!  \n\nAlso a big thanks to @mwarre25 for showing me how to scrape multiple pages with one script. My original script could only scrape a single page, which wouldn't work if there was enough data to constitute needing multiple tables.","homepage":"https://data.world/achou/nba-draft-combine-measurements","resources":[{"name":"2012_nba_draft_combine","schema":{"fields":[{"name":"column_a","title":"Column A","type":"integer","rdfType":"http://www.w3.org/2001/XMLSchema#integer"},{"name":"player","title":"Player","type":"string","rdfType":"http://www.w3.org/2001/XMLSchema#string"},{"name":"year","title":"Year","type":"gyear","rdfType":"http://www.w3.org/2001/XMLSchema#gYear"},{"name":"draft_pick","title":"Draft pick","type":"integer","rdfType":"http://www.w3.org/2001/XMLSchema#integer"},{"name":"height_no_shoes","title":"Height (No Shoes)","type":"number","rdfType":"http://www.w3.org/2001/XMLSchema#decimal"},{"name":"height_with_shoes","title":"Height (With Shoes)","type":"number","rdfType":"http://www.w3.org/2001/XMLSchema#decimal"},{"name":"wingspan","title":"Wingspan","type":"number","rdfType":"http://www.w3.org/2001/XMLSchema#decimal"},{"name":"standing_reach","title":"Standing reach","type":"number","rdfType":"http://www.w3.org/2001/XMLSchema#decimal"},{"name":"vertical_max","title":"Vertical (Max)","type":"number","rdfType":"http://www.w3.org/2001/XMLSchema#decimal"},{"name":"vertical_max_reach","title":"Vertical (Max Reach)","type":"number","rdfType":"http://www.w3.org/2001/XMLSchema#decimal"},{"name":"vertical_no_step","title":"Vertical (No Step)","type":"number","rdfType":"http://www.w3.org/2001/XMLSchema#decimal"},{"name":"vertical_no_step_reach","title":"Vertical (No Step Reach)","type":"number","rdfType":"http://www.w3.org/2001/XMLSchema#decimal"},{"name":"weight","title":"Weight","type":"number","rdfType":"http://www.w3.org/2001/XMLSchema#decimal"},{"name":"body_fat","title":"Body Fat","type":"number","rdfType":"http://www.w3.org/2001/XMLSchema#decimal"},{"name":"hand_length","title":"Hand (Length)","type":"number","rdfType":"http://www.w3.org/2001/XMLSchema#decimal"},{"name":"hand_width","title":"Hand (Width)","type":"number","rdfType":"http://www.w3.org/2001/XMLSchema#decimal"},{"name":"bench","title":"Bench","type":"number","rdfType":"http://www.w3.org/2001/XMLSchema#decimal"},{"name":"agility","title":"Agility","type":"number","rdfType":"http://www.w3.org/2001/XMLSchema#decimal"},{"name":"sprint","title":"Sprint","type":"number","rdfType":"http://www.w3.org/2001/XMLSchema#decimal"}]},"path":"data/2012_nba_draft_combine.csv","format":"csv"},{"name":"2013_nba_draft_combine","schema":{"fields":[{"name":"column_a","title":"Column A","type":"integer","rdfType":"http://www.w3.org/2001/XMLSchema#integer"},{"name":"player","title":"Player","type":"string","rdfType":"http://www.w3.org/2001/XMLSchema#string"},{"name":"year","title":"Year","type":"gyear","rdfType":"http://www.w3.org/2001/XMLSchema#gYear"},{"name":"draft_pick","title":"Draft pick","type":"integer","rdfType":"http://www.w3.org/2001/XMLSchema#integer"},{"name":"height_no_shoes","title":"Height (No Shoes)","type":"number","rdfType":"http://www.w3.org/2001/XMLSchema#decimal"},{"name":"height_with_shoes","title":"Height (With Shoes)","type":"number","rdfType":"http://www.w3.org/2001/XMLSchema#decimal"},{"name":"wingspan","title":"Wingspan","type":"number","rdfType":"http://www.w3.org/2001/XMLSchema#decimal"},{"name":"standing_reach","title":"Standing reach","type":"number","rdfType":"http://www.w3.org/2001/XMLSchema#decimal"},{"name":"vertical_max","title":"Vertical (Max)","type":"number","rdfType":"http://www.w3.org/2001/XMLSchema#decimal"},{"name":"vertical_max_reach","title":"Vertical (Max Reach)","type":"number","rdfType":"http://www.w3.org/2001/XMLSchema#decimal"},{"name":"vertical_no_step","title":"Vertical (No Step)","type":"number","rdfType":"http://www.w3.org/2001/XMLSchema#decimal"},{"name":"vertical_no_step_reach","title":"Vertical (No Step Reach)","type":"number","rdfType":"http://www.w3.org/2001/XMLSchema#decimal"},{"name":"weight","title":"Weight","type":"number","rdfType":"http://www.w3.org/2001/XMLSchema#decimal"},{"name":"body_fat","title":"Body Fat","type":"number","rdfType":"http://www.w3.org/2001/XMLSchema#decimal"},{"name":"hand_length","title":"Hand (Length)","type":"number","rdfType":"http://www.w3.org/2001/XMLSchema#decimal"},{"name":"hand_width","title":"Hand (Width)","type":"number","rdfType":"http://www.w3.org/2001/XMLSchema#decimal"},{"name":"bench","title":"Bench","type":"number","rdfType":"http://www.w3.org/2001/XMLSchema#decimal"},{"name":"agility","title":"Agility","type":"number","rdfType":"http://www.w3.org/2001/XMLSchema#decimal"},{"name":"sprint","title":"Sprint","type":"number","rdfType":"http://www.w3.org/2001/XMLSchema#decimal"}]},"path":"data/2013_nba_draft_combine.csv","format":"csv"},{"name":"2014_nba_draft_combine","schema":{"fields":[{"name":"column_a","title":"Column A","type":"integer","rdfType":"http://www.w3.org/2001/XMLSchema#integer"},{"name":"player","title":"Player","type":"string","rdfType":"http://www.w3.org/2001/XMLSchema#string"},{"name":"year","title":"Year","type":"gyear","rdfType":"http://www.w3.org/2001/XMLSchema#gYear"},{"name":"draft_pick","title":"Draft pick","type":"integer","rdfType":"http://www.w3.org/2001/XMLSchema#integer"},{"name":"height_no_shoes","title":"Height (No Shoes)","type":"number","rdfType":"http://www.w3.org/2001/XMLSchema#decimal"},{"name":"height_with_shoes","title":"Height (With Shoes)","type":"number","rdfType":"http://www.w3.org/2001/XMLSchema#decimal"},{"name":"wingspan","title":"Wingspan","type":"number","rdfType":"http://www.w3.org/2001/XMLSchema#decimal"},{"name":"standing_reach","title":"Standing reach","type":"number","rdfType":"http://www.w3.org/2001/XMLSchema#decimal"},{"name":"vertical_max","title":"Vertical (Max)","type":"number","rdfType":"http://www.w3.org/2001/XMLSchema#decimal"},{"name":"vertical_max_reach","title":"Vertical (Max Reach)","type":"number","rdfType":"http://www.w3.org/2001/XMLSchema#decimal"},{"name":"vertical_no_step","title":"Vertical (No Step)","type":"number","rdfType":"http://www.w3.org/2001/XMLSchema#decimal"},{"name":"vertical_no_step_reach","title":"Vertical (No Step Reach)","type":"number","rdfType":"http://www.w3.org/2001/XMLSchema#decimal"},{"name":"weight","title":"Weight","type":"number","rdfType":"http://www.w3.org/2001/XMLSchema#decimal"},{"name":"body_fat","title":"Body Fat","type":"number","rdfType":"http://www.w3.org/2001/XMLSchema#decimal"},{"name":"hand_length","title":"Hand (Length)","type":"number","rdfType":"http://www.w3.org/2001/XMLSchema#decimal"},{"name":"hand_width","title":"Hand (Width)","type":"number","rdfType":"http://www.w3.org/2001/XMLSchema#decimal"},{"name":"bench","title":"Bench","type":"string","rdfType":"http://www.w3.org/2001/XMLSchema#string"},{"name":"agility","title":"Agility","type":"number","rdfType":"http://www.w3.org/2001/XMLSchema#decimal"},{"name":"sprint","title":"Sprint","type":"number","rdfType":"http://www.w3.org/2001/XMLSchema#decimal"}]},"path":"data/2014_nba_draft_combine.csv","format":"csv"},{"name":"2015_nba_draft_combine","schema":{"fields":[{"name":"column_a","title":"Column A","type":"integer","rdfType":"http://www.w3.org/2001/XMLSchema#integer"},{"name":"player","title":"Player","type":"string","rdfType":"http://www.w3.org/2001/XMLSchema#string"},{"name":"year","title":"Year","type":"gyear","rdfType":"http://www.w3.org/2001/XMLSchema#gYear"},{"name":"draft_pick","title":"Draft pick","type":"integer","rdfType":"http://www.w3.org/2001/XMLSchema#integer"},{"name":"height_no_shoes","title":"Height (No Shoes)","type":"number","rdfType":"http://www.w3.org/2001/XMLSchema#decimal"},{"name":"height_with_shoes","title":"Height (With Shoes)","type":"number","rdfType":"http://www.w3.org/2001/XMLSchema#decimal"},{"name":"wingspan","title":"Wingspan","type":"number","rdfType":"http://www.w3.org/2001/XMLSchema#decimal"},{"name":"standing_reach","title":"Standing reach","type":"number","rdfType":"http://www.w3.org/2001/XMLSchema#decimal"},{"name":"vertical_max","title":"Vertical (Max)","type":"number","rdfType":"http://www.w3.org/2001/XMLSchema#decimal"},{"name":"vertical_max_reach","title":"Vertical (Max Reach)","type":"number","rdfType":"http://www.w3.org/2001/XMLSchema#decimal"},{"name":"vertical_no_step","title":"Vertical (No Step)","type":"number","rdfType":"http://www.w3.org/2001/XMLSchema#decimal"},{"name":"vertical_no_step_reach","title":"Vertical (No Step Reach)","type":"number","rdfType":"http://www.w3.org/2001/XMLSchema#decimal"},{"name":"weight","title":"Weight","type":"number","rdfType":"http://www.w3.org/2001/XMLSchema#decimal"},{"name":"body_fat","title":"Body Fat","type":"number","rdfType":"http://www.w3.org/2001/XMLSchema#decimal"},{"name":"hand_length","title":"Hand (Length)","type":"number","rdfType":"http://www.w3.org/2001/XMLSchema#decimal"},{"name":"hand_width","title":"Hand (Width)","type":"number","rdfType":"http://www.w3.org/2001/XMLSchema#decimal"},{"name":"bench","title":"Bench","type":"number","rdfType":"http://www.w3.org/2001/XMLSchema#decimal"},{"name":"agility","title":"Agility","type":"number","rdfType":"http://www.w3.org/2001/XMLSchema#decimal"},{"name":"sprint","title":"Sprint","type":"number","rdfType":"http://www.w3.org/2001/XMLSchema#decimal"}]},"path":"data/2015_nba_draft_combine.csv","format":"csv"},{"name":"2016_nba_draft_combine","schema":{"fields":[{"name":"column_a","title":"Column A","type":"integer","rdfType":"http://www.w3.org/2001/XMLSchema#integer"},{"name":"player","title":"Player","type":"string","rdfType":"http://www.w3.org/2001/XMLSchema#string"},{"name":"year","title":"Year","type":"gyear","rdfType":"http://www.w3.org/2001/XMLSchema#gYear"},{"name":"draft_pick","title":"Draft pick","type":"integer","rdfType":"http://www.w3.org/2001/XMLSchema#integer"},{"name":"height_no_shoes","title":"Height (No Shoes)","type":"number","rdfType":"http://www.w3.org/2001/XMLSchema#decimal"},{"name":"height_with_shoes","title":"Height (With Shoes)","type":"number","rdfType":"http://www.w3.org/2001/XMLSchema#decimal"},{"name":"wingspan","title":"Wingspan","type":"number","rdfType":"http://www.w3.org/2001/XMLSchema#decimal"},{"name":"standing_reach","title":"Standing reach","type":"number","rdfType":"http://www.w3.org/2001/XMLSchema#decimal"},{"name":"vertical_max","title":"Vertical (Max)","type":"number","rdfType":"http://www.w3.org/2001/XMLSchema#decimal"},{"name":"vertical_max_reach","title":"Vertical (Max Reach)","type":"number","rdfType":"http://www.w3.org/2001/XMLSchema#decimal"},{"name":"vertical_no_step","title":"Vertical (No Step)","type":"number","rdfType":"http://www.w3.org/2001/XMLSchema#decimal"},{"name":"vertical_no_step_reach","title":"Vertical (No Step Reach)","type":"number","rdfType":"http://www.w3.org/2001/XMLSchema#decimal"},{"name":"weight","title":"Weight","type":"number","rdfType":"http://www.w3.org/2001/XMLSchema#decimal"},{"name":"body_fat","title":"Body Fat","type":"number","rdfType":"http://www.w3.org/2001/XMLSchema#decimal"},{"name":"hand_length","title":"Hand (Length)","type":"number","rdfType":"http://www.w3.org/2001/XMLSchema#decimal"},{"name":"hand_width","title":"Hand (Width)","type":"number","rdfType":"http://www.w3.org/2001/XMLSchema#decimal"},{"name":"bench","title":"Bench","type":"string","rdfType":"http://www.w3.org/2001/XMLSchema#string"},{"name":"agility","title":"Agility","type":"number","rdfType":"http://www.w3.org/2001/XMLSchema#decimal"},{"name":"sprint","title":"Sprint","type":"number","rdfType":"http://www.w3.org/2001/XMLSchema#decimal"}]},"path":"data/2016_nba_draft_combine.csv","format":"csv"},{"name":"nba_draft_combine_all_years","schema":{"fields":[{"name":"column_a","title":"Column A","type":"integer","rdfType":"http://www.w3.org/2001/XMLSchema#integer"},{"name":"player","title":"Player","type":"string","rdfType":"http://www.w3.org/2001/XMLSchema#string"},{"name":"year","title":"Year","type":"gyear","rdfType":"http://www.w3.org/2001/XMLSchema#gYear"},{"name":"draft_pick","title":"Draft pick","type":"integer","rdfType":"http://www.w3.org/2001/XMLSchema#integer"},{"name":"height_no_shoes","title":"Height (No Shoes)","type":"number","rdfType":"http://www.w3.org/2001/XMLSchema#decimal"},{"name":"height_with_shoes","title":"Height (With Shoes)","type":"number","rdfType":"http://www.w3.org/2001/XMLSchema#decimal"},{"name":"wingspan","title":"Wingspan","type":"number","rdfType":"http://www.w3.org/2001/XMLSchema#decimal"},{"name":"standing_reach","title":"Standing reach","type":"number","rdfType":"http://www.w3.org/2001/XMLSchema#decimal"},{"name":"vertical_max","title":"Vertical (Max)","type":"number","rdfType":"http://www.w3.org/2001/XMLSchema#decimal"},{"name":"vertical_max_reach","title":"Vertical (Max Reach)","type":"number","rdfType":"http://www.w3.org/2001/XMLSchema#decimal"},{"name":"vertical_no_step","title":"Vertical (No Step)","type":"number","rdfType":"http://www.w3.org/2001/XMLSchema#decimal"},{"name":"vertical_no_step_reach","title":"Vertical (No Step Reach)","type":"number","rdfType":"http://www.w3.org/2001/XMLSchema#decimal"},{"name":"weight","title":"Weight","type":"number","rdfType":"http://www.w3.org/2001/XMLSchema#decimal"},{"name":"body_fat","title":"Body Fat","type":"number","rdfType":"http://www.w3.org/2001/XMLSchema#decimal"},{"name":"hand_length","title":"Hand (Length)","type":"number","rdfType":"http://www.w3.org/2001/XMLSchema#decimal"},{"name":"hand_width","title":"Hand (Width)","type":"number","rdfType":"http://www.w3.org/2001/XMLSchema#decimal"},{"name":"bench","title":"Bench","type":"number","rdfType":"http://www.w3.org/2001/XMLSchema#decimal"},{"name":"agility","title":"Agility","type":"number","rdfType":"http://www.w3.org/2001/XMLSchema#decimal"},{"name":"sprint","title":"Sprint","type":"number","rdfType":"http://www.w3.org/2001/XMLSchema#decimal"}]},"path":"data/nba_draft_combine_all_years.csv","format":"csv"},{"name":"original/2012_nba_draft_combine.csv","path":"original/2012_nba_draft_combine.csv","format":"csv","mediatype":"text/csv","bytes":6345,"keywords":["clean data"]},{"name":"original/2013_nba_draft_combine.csv","path":"original/2013_nba_draft_combine.csv","format":"csv","mediatype":"text/csv","bytes":6249,"keywords":["clean data"]},{"name":"original/2014_nba_draft_combine.csv","path":"original/2014_nba_draft_combine.csv","format":"csv","mediatype":"text/csv","bytes":5899,"keywords":["clean data"]},{"name":"original/2015_nba_draft_combine.csv","path":"original/2015_nba_draft_combine.csv","format":"csv","mediatype":"text/csv","bytes":6272,"keywords":["clean data"]},{"name":"original/2016_nba_draft_combine.csv","path":"original/2016_nba_draft_combine.csv","format":"csv","mediatype":"text/csv","bytes":5935,"keywords":["clean data"]},{"name":"original/nba_draft_combine_all_years.csv","path":"original/nba_draft_combine_all_years.csv","format":"csv","mediatype":"text/csv","bytes":50953,"keywords":["clean data"]},{"name":"original/nba_draft_combine_multiscrape.ipynb","description":"Multipage scraping script with methodology","path":"original/nba_draft_combine_multiscrape.ipynb","format":"ipynb","mediatype":"application/octet-stream","bytes":195283,"keywords":["script","documentation"]},{"name":"original/nba_draft_combine_scrape.ipynb","description":"notebook file containing script and methodology \n***Only does single page scrape***\n***look at nba_draft_combine_multiscrape*** for a multipage scrape","path":"original/nba_draft_combine_scrape.ipynb","format":"ipynb","mediatype":"application/octet-stream","bytes":118084,"keywords":["script"]}],"keywords":["nba","draft","measurements","python","basketball","draftexpress","sports","wip"]}