{"name":"gmoney_nba-drafts-2016-1989","title":"NBA Drafts 2016-1989","description":"Source: http://www.basketball-reference.com/draft/NBA_2016.html\nNBA Drafts since there have been 2 rounds.","homepage":"https://data.world/gmoney/nba-drafts-2016-1989","resources":[{"name":"nba_drafts","schema":{"fields":[{"name":"draft_year","title":"Draft Year","type":"gyear","rdfType":"http://www.w3.org/2001/XMLSchema#gYear"},{"name":"round","title":"Round","type":"integer","rdfType":"http://www.w3.org/2001/XMLSchema#integer"},{"name":"pick","title":"Pick","type":"integer","rdfType":"http://www.w3.org/2001/XMLSchema#integer"},{"name":"team","title":"Team","type":"string","rdfType":"http://www.w3.org/2001/XMLSchema#string"},{"name":"player","title":"Player","type":"string","rdfType":"http://www.w3.org/2001/XMLSchema#string"},{"name":"college","title":"College","type":"string","rdfType":"http://www.w3.org/2001/XMLSchema#string"},{"name":"yrs","title":"Yrs","type":"integer","rdfType":"http://www.w3.org/2001/XMLSchema#integer"},{"name":"g","title":"G","type":"integer","rdfType":"http://www.w3.org/2001/XMLSchema#integer"},{"name":"mp","title":"MP","type":"integer","rdfType":"http://www.w3.org/2001/XMLSchema#integer"},{"name":"pts","title":"PTS","type":"integer","rdfType":"http://www.w3.org/2001/XMLSchema#integer"},{"name":"trb","title":"TRB","type":"integer","rdfType":"http://www.w3.org/2001/XMLSchema#integer"},{"name":"ast","title":"AST","type":"integer","rdfType":"http://www.w3.org/2001/XMLSchema#integer"},{"name":"fg","title":"FG%","type":"number","rdfType":"http://www.w3.org/2001/XMLSchema#decimal"},{"name":"3p","title":"3P%","type":"number","rdfType":"http://www.w3.org/2001/XMLSchema#decimal"},{"name":"ft","title":"FT%","type":"number","rdfType":"http://www.w3.org/2001/XMLSchema#decimal"},{"name":"minuts_played","title":"Minuts Played","type":"number","rdfType":"http://www.w3.org/2001/XMLSchema#decimal"},{"name":"points","title":"Points","type":"number","rdfType":"http://www.w3.org/2001/XMLSchema#decimal"},{"name":"total_rebounds","title":"Total Rebounds","type":"number","rdfType":"http://www.w3.org/2001/XMLSchema#decimal"},{"name":"assists","title":"Assists","type":"number","rdfType":"http://www.w3.org/2001/XMLSchema#decimal"},{"name":"win_share","title":"Win Share","type":"number","rdfType":"http://www.w3.org/2001/XMLSchema#decimal"},{"name":"win_sharess_48","title":"Win SharesS/48","type":"number","rdfType":"http://www.w3.org/2001/XMLSchema#decimal"},{"name":"box_plus_minus","title":"Box Plus/Minus","type":"number","rdfType":"http://www.w3.org/2001/XMLSchema#decimal"},{"name":"value_over_replacement","title":"Value Over Replacement","type":"number","rdfType":"http://www.w3.org/2001/XMLSchema#decimal"}]},"path":"data/nba_drafts.csv","format":"csv"},{"name":"original/NBA Drafts.xlsx","path":"original/NBA Drafts.xlsx","format":"xlsx","mediatype":"application/vnd.openxmlformats-officedocument.spreadsheetml.sheet","bytes":283407}],"keywords":["nba","basketball","professional sports","sports","entertainment","lebron","kobe","lebron james"]}